
-- ----------------------------
-- 请仅在下面的数据库链接中执行该脚本。
-- 主数据源 [localhost:3306/flow_bupt]
-- ----------------------------

SET NAMES utf8mb4;
SET FOREIGN_KEY_CHECKS = 0;

-- ----------------------------
-- 全部菜单数据
-- ----------------------------
BEGIN;
INSERT INTO `bupt_sys_menu` VALUES(1689454707254235137,NULL,'系统管理',0,NULL,NULL,NULL,NULL,NULL,1,NULL,NULL,1689454707237457920,CURDATE(),1689454707237457920,CURDATE());
INSERT INTO `bupt_sys_menu` VALUES(1689454707262623744,1689454707254235137,'用户管理',1,'formSysUser',NULL,NULL,NULL,NULL,100,NULL,NULL,1689454707237457920,CURDATE(),1689454707237457920,CURDATE());
INSERT INTO `bupt_sys_menu` VALUES(1689458209066061831,1689454707262623744,'显示',3,NULL,NULL,NULL,NULL,NULL,1,NULL,NULL,1689454707237457920,CURDATE(),1689454707237457920,CURDATE());
INSERT INTO `bupt_sys_menu` VALUES(1689458209066061832,1689454707262623744,'新增',3,NULL,NULL,NULL,NULL,NULL,2,NULL,NULL,1689454707237457920,CURDATE(),1689454707237457920,CURDATE());
INSERT INTO `bupt_sys_menu` VALUES(1689458209066061833,1689454707262623744,'编辑',3,NULL,NULL,NULL,NULL,NULL,3,NULL,NULL,1689454707237457920,CURDATE(),1689454707237457920,CURDATE());
INSERT INTO `bupt_sys_menu` VALUES(1689458209066061834,1689454707262623744,'删除',3,NULL,NULL,NULL,NULL,NULL,4,NULL,NULL,1689454707237457920,CURDATE(),1689454707237457920,CURDATE());
INSERT INTO `bupt_sys_menu` VALUES(1689458209066061835,1689454707262623744,'重置密码',3,NULL,NULL,NULL,NULL,NULL,5,NULL,NULL,1689454707237457920,CURDATE(),1689454707237457920,CURDATE());
INSERT INTO `bupt_sys_menu` VALUES(1689458209066061836,1689454707262623744,'权限详情',3,NULL,NULL,NULL,NULL,NULL,6,NULL,NULL,1689454707237457920,CURDATE(),1689454707237457920,CURDATE());
INSERT INTO `bupt_sys_menu` VALUES(1689454707262623745,1689454707254235137,'部门管理',1,'formSysDept',NULL,NULL,NULL,NULL,105,NULL,NULL,1689454707237457920,CURDATE(),1689454707237457920,CURDATE());
INSERT INTO `bupt_sys_menu` VALUES(1689458209066061845,1689454707262623745,'显示',3,NULL,NULL,NULL,NULL,NULL,1,NULL,NULL,1689454707237457920,CURDATE(),1689454707237457920,CURDATE());
INSERT INTO `bupt_sys_menu` VALUES(1689458209066061846,1689454707262623745,'新增',3,NULL,NULL,NULL,NULL,NULL,2,NULL,NULL,1689454707237457920,CURDATE(),1689454707237457920,CURDATE());
INSERT INTO `bupt_sys_menu` VALUES(1689458209066061847,1689454707262623745,'编辑',3,NULL,NULL,NULL,NULL,NULL,3,NULL,NULL,1689454707237457920,CURDATE(),1689454707237457920,CURDATE());
INSERT INTO `bupt_sys_menu` VALUES(1689458209066061848,1689454707262623745,'删除',3,NULL,NULL,NULL,NULL,NULL,4,NULL,NULL,1689454707237457920,CURDATE(),1689454707237457920,CURDATE());
INSERT INTO `bupt_sys_menu` VALUES(1689454707262623746,1689454707254235137,'角色管理',1,'formSysRole',NULL,NULL,NULL,NULL,110,NULL,NULL,1689454707237457920,CURDATE(),1689454707237457920,CURDATE());
INSERT INTO `bupt_sys_menu` VALUES(1689458209066061855,1689454707262623746,'角色管理',2,NULL,NULL,NULL,NULL,NULL,1,NULL,NULL,1689454707237457920,CURDATE(),1689454707237457920,CURDATE());
INSERT INTO `bupt_sys_menu` VALUES(1689458209066061856,1689454707262623746,'用户授权',2,NULL,NULL,NULL,NULL,NULL,2,NULL,NULL,1689454707237457920,CURDATE(),1689454707237457920,CURDATE());
INSERT INTO `bupt_sys_menu` VALUES(1689458209066061857,1689458209066061855,'显示',3,NULL,NULL,NULL,NULL,NULL,1,NULL,NULL,1689454707237457920,CURDATE(),1689454707237457920,CURDATE());
INSERT INTO `bupt_sys_menu` VALUES(1689458209066061858,1689458209066061855,'新增',3,NULL,NULL,NULL,NULL,NULL,2,NULL,NULL,1689454707237457920,CURDATE(),1689454707237457920,CURDATE());
INSERT INTO `bupt_sys_menu` VALUES(1689458209066061859,1689458209066061855,'编辑',3,NULL,NULL,NULL,NULL,NULL,3,NULL,NULL,1689454707237457920,CURDATE(),1689454707237457920,CURDATE());
INSERT INTO `bupt_sys_menu` VALUES(1689458209066061860,1689458209066061855,'删除',3,NULL,NULL,NULL,NULL,NULL,4,NULL,NULL,1689454707237457920,CURDATE(),1689454707237457920,CURDATE());
INSERT INTO `bupt_sys_menu` VALUES(1689458209066061861,1689458209066061855,'权限详情',3,NULL,NULL,NULL,NULL,NULL,5,NULL,NULL,1689454707237457920,CURDATE(),1689454707237457920,CURDATE());
INSERT INTO `bupt_sys_menu` VALUES(1689458209066061862,1689458209066061856,'显示',3,NULL,NULL,NULL,NULL,NULL,1,NULL,NULL,1689454707237457920,CURDATE(),1689454707237457920,CURDATE());
INSERT INTO `bupt_sys_menu` VALUES(1689458209066061863,1689458209066061856,'授权用户',3,NULL,NULL,NULL,NULL,NULL,2,NULL,NULL,1689454707237457920,CURDATE(),1689454707237457920,CURDATE());
INSERT INTO `bupt_sys_menu` VALUES(1689458209066061864,1689458209066061856,'移除用户',3,NULL,NULL,NULL,NULL,NULL,3,NULL,NULL,1689454707237457920,CURDATE(),1689454707237457920,CURDATE());
INSERT INTO `bupt_sys_menu` VALUES(1689454707262623747,1689454707254235137,'菜单管理',1,'formSysMenu',NULL,NULL,NULL,NULL,120,NULL,NULL,1689454707237457920,CURDATE(),1689454707237457920,CURDATE());
INSERT INTO `bupt_sys_menu` VALUES(1689458209066061875,1689454707262623747,'显示',3,NULL,NULL,NULL,NULL,NULL,1,NULL,NULL,1689454707237457920,CURDATE(),1689454707237457920,CURDATE());
INSERT INTO `bupt_sys_menu` VALUES(1689458209066061876,1689454707262623747,'新增',3,NULL,NULL,NULL,NULL,NULL,2,NULL,NULL,1689454707237457920,CURDATE(),1689454707237457920,CURDATE());
INSERT INTO `bupt_sys_menu` VALUES(1689458209066061877,1689454707262623747,'编辑',3,NULL,NULL,NULL,NULL,NULL,3,NULL,NULL,1689454707237457920,CURDATE(),1689454707237457920,CURDATE());
INSERT INTO `bupt_sys_menu` VALUES(1689458209066061878,1689454707262623747,'删除',3,NULL,NULL,NULL,NULL,NULL,4,NULL,NULL,1689454707237457920,CURDATE(),1689454707237457920,CURDATE());
INSERT INTO `bupt_sys_menu` VALUES(1689458209066061879,1689454707262623747,'权限详情',3,NULL,NULL,NULL,NULL,NULL,5,NULL,NULL,1689454707237457920,CURDATE(),1689454707237457920,CURDATE());
INSERT INTO `bupt_sys_menu` VALUES(1689454707262623748,1689454707254235137,'权限字管理',1,'formSysPermCode',NULL,NULL,NULL,NULL,125,NULL,NULL,1689454707237457920,CURDATE(),1689454707237457920,CURDATE());
INSERT INTO `bupt_sys_menu` VALUES(1689458209066061887,1689454707262623748,'显示',3,NULL,NULL,NULL,NULL,NULL,1,NULL,NULL,1689454707237457920,CURDATE(),1689454707237457920,CURDATE());
INSERT INTO `bupt_sys_menu` VALUES(1689458209066061888,1689454707262623748,'新增',3,NULL,NULL,NULL,NULL,NULL,2,NULL,NULL,1689454707237457920,CURDATE(),1689454707237457920,CURDATE());
INSERT INTO `bupt_sys_menu` VALUES(1689458209066061889,1689454707262623748,'编辑',3,NULL,NULL,NULL,NULL,NULL,3,NULL,NULL,1689454707237457920,CURDATE(),1689454707237457920,CURDATE());
INSERT INTO `bupt_sys_menu` VALUES(1689458209066061890,1689454707262623748,'删除',3,NULL,NULL,NULL,NULL,NULL,4,NULL,NULL,1689454707237457920,CURDATE(),1689454707237457920,CURDATE());
INSERT INTO `bupt_sys_menu` VALUES(1689458209066061891,1689454707262623748,'权限详情',3,NULL,NULL,NULL,NULL,NULL,5,NULL,NULL,1689454707237457920,CURDATE(),1689454707237457920,CURDATE());
INSERT INTO `bupt_sys_menu` VALUES(1689454707262623749,1689454707254235137,'权限管理',1,'formSysPerm',NULL,NULL,NULL,NULL,130,NULL,NULL,1689454707237457920,CURDATE(),1689454707237457920,CURDATE());
INSERT INTO `bupt_sys_menu` VALUES(1689458209066061899,1689454707262623749,'显示',3,NULL,NULL,NULL,NULL,NULL,1,NULL,NULL,1689454707237457920,CURDATE(),1689454707237457920,CURDATE());
INSERT INTO `bupt_sys_menu` VALUES(1689458209066061900,1689454707262623749,'新增模块',3,NULL,NULL,NULL,NULL,NULL,2,NULL,NULL,1689454707237457920,CURDATE(),1689454707237457920,CURDATE());
INSERT INTO `bupt_sys_menu` VALUES(1689458209066061901,1689454707262623749,'编辑模块',3,NULL,NULL,NULL,NULL,NULL,3,NULL,NULL,1689454707237457920,CURDATE(),1689454707237457920,CURDATE());
INSERT INTO `bupt_sys_menu` VALUES(1689458209066061902,1689454707262623749,'删除模块',3,NULL,NULL,NULL,NULL,NULL,4,NULL,NULL,1689454707237457920,CURDATE(),1689454707237457920,CURDATE());
INSERT INTO `bupt_sys_menu` VALUES(1689458209066061903,1689454707262623749,'新增权限',3,NULL,NULL,NULL,NULL,NULL,5,NULL,NULL,1689454707237457920,CURDATE(),1689454707237457920,CURDATE());
INSERT INTO `bupt_sys_menu` VALUES(1689458209066061904,1689454707262623749,'编辑权限',3,NULL,NULL,NULL,NULL,NULL,6,NULL,NULL,1689454707237457920,CURDATE(),1689454707237457920,CURDATE());
INSERT INTO `bupt_sys_menu` VALUES(1689458209066061905,1689454707262623749,'删除权限',3,NULL,NULL,NULL,NULL,NULL,7,NULL,NULL,1689454707237457920,CURDATE(),1689454707237457920,CURDATE());
INSERT INTO `bupt_sys_menu` VALUES(1689458209066061906,1689454707262623749,'权限详情',3,NULL,NULL,NULL,NULL,NULL,8,NULL,NULL,1689454707237457920,CURDATE(),1689454707237457920,CURDATE());
INSERT INTO `bupt_sys_menu` VALUES(1689454707262623750,1689454707254235137,'字典管理',1,'formSysDict',NULL,NULL,NULL,NULL,135,NULL,NULL,1689454707237457920,CURDATE(),1689454707237457920,CURDATE());
INSERT INTO `bupt_sys_menu` VALUES(1689458209066061917,1689454707262623750,'显示',3,NULL,NULL,NULL,NULL,NULL,1,NULL,NULL,1689454707237457920,CURDATE(),1689454707237457920,CURDATE());
INSERT INTO `bupt_sys_menu` VALUES(1689458209066061918,1689454707262623750,'新增',3,NULL,NULL,NULL,NULL,NULL,2,NULL,NULL,1689454707237457920,CURDATE(),1689454707237457920,CURDATE());
INSERT INTO `bupt_sys_menu` VALUES(1689458209066061919,1689454707262623750,'编辑',3,NULL,NULL,NULL,NULL,NULL,3,NULL,NULL,1689454707237457920,CURDATE(),1689454707237457920,CURDATE());
INSERT INTO `bupt_sys_menu` VALUES(1689458209066061920,1689454707262623750,'删除',3,NULL,NULL,NULL,NULL,NULL,4,NULL,NULL,1689454707237457920,CURDATE(),1689454707237457920,CURDATE());
INSERT INTO `bupt_sys_menu` VALUES(1689458209066061921,1689454707262623750,'同步缓存',3,NULL,NULL,NULL,NULL,NULL,5,NULL,NULL,1689454707237457920,CURDATE(),1689454707237457920,CURDATE());
INSERT INTO `bupt_sys_menu` VALUES(1689454707262623751,1689454707254235137,'操作日志',1,'formSysOperationLog',NULL,NULL,NULL,NULL,140,NULL,NULL,1689454707237457920,CURDATE(),1689454707237457920,CURDATE());
INSERT INTO `bupt_sys_menu` VALUES(1689458209066061929,1689454707262623751,'显示',3,NULL,NULL,NULL,NULL,NULL,1,NULL,NULL,1689454707237457920,CURDATE(),1689454707237457920,CURDATE());
INSERT INTO `bupt_sys_menu` VALUES(1689454707262623752,1689454707254235137,'在线用户',1,'formSysLoginUser',NULL,NULL,NULL,NULL,145,NULL,NULL,1689454707237457920,CURDATE(),1689454707237457920,CURDATE());
INSERT INTO `bupt_sys_menu` VALUES(1689458209066061933,1689454707262623752,'显示',3,NULL,NULL,NULL,NULL,NULL,1,NULL,NULL,1689454707237457920,CURDATE(),1689454707237457920,CURDATE());
INSERT INTO `bupt_sys_menu` VALUES(1689458209066061934,1689454707262623752,'强制下线',3,NULL,NULL,NULL,NULL,NULL,2,NULL,NULL,1689454707237457920,CURDATE(),1689454707237457920,CURDATE());

-- ----------------------------
-- 以下记录用于移动端，这里的注释，是为了便于老用户进行手动数据补偿。
-- ----------------------------
INSERT INTO `bupt_sys_menu` VALUES (1687821642446671872,NULL,'移动端管理',0,NULL,NULL,NULL,NULL,NULL,10,NULL,NULL,1689454707237457920,CURDATE(),1689454707237457920,CURDATE());
INSERT INTO `bupt_sys_menu` VALUES (1688105082400280576,1687821642446671872,'轮播图配置',1,'formBanner',NULL,NULL,NULL,NULL,1,NULL,NULL,1689454707237457920,CURDATE(),1689454707237457920,CURDATE());
INSERT INTO `bupt_sys_menu` VALUES (1687821728979357696,1687821642446671872,'九宫格配置',1,'formSudoku',NULL,NULL,NULL,NULL,2,NULL,NULL,1689454707237457920,CURDATE(),1689454707237457920,CURDATE());

-- ----------------------------
-- 以下记录用于在线表单，这里的注释，是为了便于老用户进行手动数据补偿。
-- ----------------------------
INSERT INTO `bupt_sys_menu` VALUES (1634009076981567488,1392786476428693504,'数据库链接',1,'formOnlineDblink',NULL,NULL,NULL,NULL,1,NULL,NULL,1689454707237457920,CURDATE(),1689454707237457920,CURDATE());
INSERT INTO `bupt_sys_menu` VALUES (1392786549942259712,1392786476428693504,'字典管理',1,'formOnlineDict',NULL,NULL,NULL,NULL,2,NULL,NULL,1689454707237457920,CURDATE(),1689454707237457920,CURDATE());
INSERT INTO `bupt_sys_menu` VALUES (1392786950682841088,1392786476428693504,'表单管理',1,'formOnlinePage',NULL,NULL,NULL,NULL,3,NULL,NULL,1689454707237457920,CURDATE(),1689454707237457920,CURDATE());
INSERT INTO `bupt_sys_menu` VALUES (1392786476428693504,NULL,'在线表单',0,NULL,NULL,NULL,NULL,NULL,2,NULL,NULL,1689454707237457920,CURDATE(),1689454707237457920,CURDATE());

-- ----------------------------
-- 以下记录用于工作流，这里的注释，是为了便于老用户进行手动数据补偿。
-- ----------------------------
INSERT INTO `bupt_sys_menu` VALUES (1418057714138877952,NULL,'流程管理',0,NULL,NULL,NULL,NULL,NULL,3,NULL,NULL,1689454707237457920,CURDATE(),1689454707237457920,CURDATE());
INSERT INTO `bupt_sys_menu` VALUES (1418059005175009280,NULL,'任务管理',0,NULL,NULL,NULL,NULL,NULL,4,NULL,NULL,1689454707237457920,CURDATE(),1689454707237457920,CURDATE());
INSERT INTO `bupt_sys_menu` VALUES (1418057835631087616,1418057714138877952,'流程分类',1,'formFlowCategory',NULL,NULL,NULL,NULL,1,NULL,NULL,1689454707237457920,CURDATE(),1689454707237457920,CURDATE());
INSERT INTO `bupt_sys_menu` VALUES (1418058049951633408,1418057835631087616,'新建',3,NULL,NULL,NULL,NULL,NULL,1,NULL,NULL,1689454707237457920,CURDATE(),1689454707237457920,CURDATE());
INSERT INTO `bupt_sys_menu` VALUES (1418058115667988480,1418057835631087616,'编辑',3,NULL,NULL,NULL,NULL,NULL,2,NULL,NULL,1689454707237457920,CURDATE(),1689454707237457920,CURDATE());
INSERT INTO `bupt_sys_menu` VALUES (1418058170542067712,1418057835631087616,'删除',3,NULL,NULL,NULL,NULL,NULL,3,NULL,NULL,1689454707237457920,CURDATE(),1689454707237457920,CURDATE());
INSERT INTO `bupt_sys_menu` VALUES (1418058289182150656,1418057714138877952,'流程设计',1,'formFlowEntry',NULL,NULL,NULL,NULL,2,NULL,NULL,1689454707237457920,CURDATE(),1689454707237457920,CURDATE());
INSERT INTO `bupt_sys_menu` VALUES (1418058515099947008,1418058289182150656,'启动',3,NULL,NULL,NULL,NULL,NULL,1,NULL,NULL,1689454707237457920,CURDATE(),1689454707237457920,CURDATE());
INSERT INTO `bupt_sys_menu` VALUES (1418058602723151872,1418058289182150656,'编辑',3,NULL,NULL,NULL,NULL,NULL,2,NULL,NULL,1689454707237457920,CURDATE(),1689454707237457920,CURDATE());
INSERT INTO `bupt_sys_menu` VALUES (1418058744037642240,1418057714138877952,'流程实例',1,'formAllInstance',NULL,NULL,NULL,NULL,3,NULL,NULL,1689454707237457920,CURDATE(),1689454707237457920,CURDATE());
INSERT INTO `bupt_sys_menu` VALUES (1418058844164067328,1418058744037642240,'终止',3,NULL,NULL,NULL,NULL,NULL,1,NULL,NULL,1689454707237457920,CURDATE(),1689454707237457920,CURDATE());
INSERT INTO `bupt_sys_menu` VALUES (1418058907674218496,1418058744037642240,'删除',3,NULL,NULL,NULL,NULL,NULL,2,NULL,NULL,1689454707237457920,CURDATE(),1689454707237457920,CURDATE());
INSERT INTO `bupt_sys_menu` VALUES (1639626065007611904,1418058744037642240,'数据补偿',3,NULL,NULL,NULL,NULL,NULL,5,NULL,NULL,1689454707237457920,CURDATE(),1689454707237457920,CURDATE());
INSERT INTO `bupt_sys_menu` VALUES (1418059167532322816,1418059005175009280,'待办任务',1,'formMyTask',NULL,NULL,NULL,NULL,1,NULL,NULL,1689454707237457920,CURDATE(),1689454707237457920,CURDATE());
INSERT INTO `bupt_sys_menu` VALUES (1423161217970606080,1418059005175009280,'已办任务',1,'formMyApprovedTask',NULL,NULL,NULL,NULL,2,NULL,NULL,1689454707237457920,CURDATE(),1689454707237457920,CURDATE());
INSERT INTO `bupt_sys_menu` VALUES (1418059283920064512,1418059005175009280,'历史任务',1,'formMyHistoryTask',NULL,NULL,NULL,NULL,3,NULL,NULL,1689454707237457920,CURDATE(),1689454707237457920,CURDATE());
COMMIT;

-- ----------------------------
-- 全部权限字数据
-- ----------------------------
BEGIN;
INSERT INTO `bupt_sys_perm_code` VALUES(1689458209066061880,NULL,'formSysMenu',0,'菜单管理',10600,1689454707237457920,CURDATE(),1689454707237457920,CURDATE());
INSERT INTO `bupt_sys_perm_code` VALUES(1689458209066061885,1689458209066061881,'formSysMenu:fragmentSysMenu:listSysMenuPermDetail',2,'权限详情',4,1689454707237457920,CURDATE(),1689454707237457920,CURDATE());
INSERT INTO `bupt_sys_perm_code` VALUES(1689458209066061843,1689458209066061838,'formSysUser:fragmentSysUser:listSysUserPermDetail',2,'权限详情',5,1689454707237457920,CURDATE(),1689454707237457920,CURDATE());
INSERT INTO `bupt_sys_perm_code` VALUES(1689458209066061870,1689458209066061866,'formSysRole:fragmentSysRole:delete',2,'删除',3,1689454707237457920,CURDATE(),1689454707237457920,CURDATE());
INSERT INTO `bupt_sys_perm_code` VALUES(1689458209066061892,NULL,'formSysPermCode',0,'权限字管理',10700,1689454707237457920,CURDATE(),1689454707237457920,CURDATE());
INSERT INTO `bupt_sys_perm_code` VALUES(1689458209066061872,1689458209066061867,'formSysRole:fragmentSysRoleUser:addUserRole',2,'授权用户',1,1689454707237457920,CURDATE(),1689454707237457920,CURDATE());
INSERT INTO `bupt_sys_perm_code` VALUES(1689458209066061907,NULL,'formSysPerm',0,'权限管理',10800,1689454707237457920,CURDATE(),1689454707237457920,CURDATE());
INSERT INTO `bupt_sys_perm_code` VALUES(1689458209066061910,1689458209066061908,'formSysPerm:fragmentSysPerm:updatePermModule',2,'编辑模块',2,1689454707237457920,CURDATE(),1689454707237457920,CURDATE());
INSERT INTO `bupt_sys_perm_code` VALUES(1689458209066061865,NULL,'formSysRole',0,'角色管理',10200,1689454707237457920,CURDATE(),1689454707237457920,CURDATE());
INSERT INTO `bupt_sys_perm_code` VALUES(1689458209066061893,1689458209066061892,'formSysPermCode:fragmentSysPermCode',1,'权限字管理',1,1689454707237457920,CURDATE(),1689454707237457920,CURDATE());
INSERT INTO `bupt_sys_perm_code` VALUES(1689458209066061935,NULL,'formSysLoginUser',0,'在线用户',11200,1689454707237457920,CURDATE(),1689454707237457920,CURDATE());
INSERT INTO `bupt_sys_perm_code` VALUES(1689458209066061924,1689458209066061923,'formSysDict:fragmentSysDict:add',2,'新增',1,1689454707237457920,CURDATE(),1689454707237457920,CURDATE());
INSERT INTO `bupt_sys_perm_code` VALUES(1689458209066061926,1689458209066061923,'formSysDict:fragmentSysDict:delete',2,'删除',3,1689454707237457920,CURDATE(),1689454707237457920,CURDATE());
INSERT INTO `bupt_sys_perm_code` VALUES(1689458209066061839,1689458209066061838,'formSysUser:fragmentSysUser:add',2,'新增',1,1689454707237457920,CURDATE(),1689454707237457920,CURDATE());
INSERT INTO `bupt_sys_perm_code` VALUES(1689458209066061849,NULL,'formSysDept',0,'部门管理',10100,1689454707237457920,CURDATE(),1689454707237457920,CURDATE());
INSERT INTO `bupt_sys_perm_code` VALUES(1689458209066061927,1689458209066061923,'formSysDict:fragmentSysDict:reloadCache',2,'同步缓存',4,1689454707237457920,CURDATE(),1689454707237457920,CURDATE());
INSERT INTO `bupt_sys_perm_code` VALUES(1689458209066061894,1689458209066061893,'formSysPermCode:fragmentSysPermCode:add',2,'新增',1,1689454707237457920,CURDATE(),1689454707237457920,CURDATE());
INSERT INTO `bupt_sys_perm_code` VALUES(1689458209066061837,NULL,'formSysUser',0,'用户管理',10000,1689454707237457920,CURDATE(),1689454707237457920,CURDATE());
INSERT INTO `bupt_sys_perm_code` VALUES(1689458209066061914,1689458209066061908,'formSysPerm:fragmentSysPerm:deletePerm',2,'删除权限',6,1689454707237457920,CURDATE(),1689454707237457920,CURDATE());
INSERT INTO `bupt_sys_perm_code` VALUES(1689458209066061895,1689458209066061893,'formSysPermCode:fragmentSysPermCode:update',2,'编辑',2,1689454707237457920,CURDATE(),1689454707237457920,CURDATE());
INSERT INTO `bupt_sys_perm_code` VALUES(1689458209066061853,1689458209066061850,'formSysDept:fragmentSysDept:delete',2,'删除',3,1689454707237457920,CURDATE(),1689454707237457920,CURDATE());
INSERT INTO `bupt_sys_perm_code` VALUES(1689458209066061866,1689458209066061865,'formSysRole:fragmentSysRole',1,'角色管理',1,1689454707237457920,CURDATE(),1689454707237457920,CURDATE());
INSERT INTO `bupt_sys_perm_code` VALUES(1689458209066061913,1689458209066061908,'formSysPerm:fragmentSysPerm:updatePerm',2,'编辑权限',5,1689454707237457920,CURDATE(),1689454707237457920,CURDATE());
INSERT INTO `bupt_sys_perm_code` VALUES(1689458209066061909,1689458209066061908,'formSysPerm:fragmentSysPerm:addPermModule',2,'新增模块',1,1689454707237457920,CURDATE(),1689454707237457920,CURDATE());
INSERT INTO `bupt_sys_perm_code` VALUES(1689458209066061937,1689458209066061936,'formSysLoginUser:fragmentLoginUser:delete',2,'强制下线',1,1689454707237457920,CURDATE(),1689454707237457920,CURDATE());
INSERT INTO `bupt_sys_perm_code` VALUES(1689458209066061930,NULL,'formSysOperationLog',0,'操作日志',11100,1689454707237457920,CURDATE(),1689454707237457920,CURDATE());
INSERT INTO `bupt_sys_perm_code` VALUES(1689458209066061838,1689458209066061837,'formSysUser:fragmentSysUser',1,'用户管理',1,1689454707237457920,CURDATE(),1689454707237457920,CURDATE());
INSERT INTO `bupt_sys_perm_code` VALUES(1690569243176734720,NULL,'demo',0,'demo',0,1689454707237457920,CURDATE(),1689454707237457920,CURDATE());
INSERT INTO `bupt_sys_perm_code` VALUES(1689458209066061897,1689458209066061893,'formSysPermCode:fragmentSysPermCode:listSysPermCodePermDetail',2,'权限详情',4,1689454707237457920,CURDATE(),1689454707237457920,CURDATE());
INSERT INTO `bupt_sys_perm_code` VALUES(1689458209066061884,1689458209066061881,'formSysMenu:fragmentSysMenu:delete',2,'删除',3,1689454707237457920,CURDATE(),1689454707237457920,CURDATE());
INSERT INTO `bupt_sys_perm_code` VALUES(1689458209066061873,1689458209066061867,'formSysRole:fragmentSysRoleUser:deleteUserRole',2,'移除用户',2,1689454707237457920,CURDATE(),1689454707237457920,CURDATE());
INSERT INTO `bupt_sys_perm_code` VALUES(1689458209066061923,1689458209066061922,'formSysDict:fragmentSysDict',1,'字典管理',1,1689454707237457920,CURDATE(),1689454707237457920,CURDATE());
INSERT INTO `bupt_sys_perm_code` VALUES(1689458209066061840,1689458209066061838,'formSysUser:fragmentSysUser:update',2,'编辑',2,1689454707237457920,CURDATE(),1689454707237457920,CURDATE());
INSERT INTO `bupt_sys_perm_code` VALUES(1689458209066061842,1689458209066061838,'formSysUser:fragmentSysUser:resetPassword',2,'重置密码',4,1689454707237457920,CURDATE(),1689454707237457920,CURDATE());
INSERT INTO `bupt_sys_perm_code` VALUES(1689458209066061922,NULL,'formSysDict',0,'字典管理',10900,1689454707237457920,CURDATE(),1689454707237457920,CURDATE());
INSERT INTO `bupt_sys_perm_code` VALUES(1689458209066061883,1689458209066061881,'formSysMenu:fragmentSysMenu:update',2,'编辑',2,1689454707237457920,CURDATE(),1689454707237457920,CURDATE());
INSERT INTO `bupt_sys_perm_code` VALUES(1689458209066061912,1689458209066061908,'formSysPerm:fragmentSysPerm:addPerm',2,'新增权限',4,1689454707237457920,CURDATE(),1689454707237457920,CURDATE());
INSERT INTO `bupt_sys_perm_code` VALUES(1689458209066061841,1689458209066061838,'formSysUser:fragmentSysUser:delete',2,'删除',3,1689454707237457920,CURDATE(),1689454707237457920,CURDATE());
INSERT INTO `bupt_sys_perm_code` VALUES(1689458209066061881,1689458209066061880,'formSysMenu:fragmentSysMenu',1,'菜单管理',1,1689454707237457920,CURDATE(),1689454707237457920,CURDATE());
INSERT INTO `bupt_sys_perm_code` VALUES(1689458209066061925,1689458209066061923,'formSysDict:fragmentSysDict:update',2,'编辑',2,1689454707237457920,CURDATE(),1689454707237457920,CURDATE());
INSERT INTO `bupt_sys_perm_code` VALUES(1689458209066061851,1689458209066061850,'formSysDept:fragmentSysDept:add',2,'新增',1,1689454707237457920,CURDATE(),1689454707237457920,CURDATE());
INSERT INTO `bupt_sys_perm_code` VALUES(1689458209066061908,1689458209066061907,'formSysPerm:fragmentSysPerm',1,'权限管理',1,1689454707237457920,CURDATE(),1689454707237457920,CURDATE());
INSERT INTO `bupt_sys_perm_code` VALUES(1689458209066061867,1689458209066061865,'formSysRole:fragmentSysRoleUser',1,'用户授权',2,1689454707237457920,CURDATE(),1689454707237457920,CURDATE());
INSERT INTO `bupt_sys_perm_code` VALUES(1689458209066061868,1689458209066061866,'formSysRole:fragmentSysRole:add',2,'新增',1,1689454707237457920,CURDATE(),1689454707237457920,CURDATE());
INSERT INTO `bupt_sys_perm_code` VALUES(1689458209066061852,1689458209066061850,'formSysDept:fragmentSysDept:update',2,'编辑',2,1689454707237457920,CURDATE(),1689454707237457920,CURDATE());
INSERT INTO `bupt_sys_perm_code` VALUES(1689458209066061911,1689458209066061908,'formSysPerm:fragmentSysPerm:deletePermModule',2,'删除模块',3,1689454707237457920,CURDATE(),1689454707237457920,CURDATE());
INSERT INTO `bupt_sys_perm_code` VALUES(1689458209066061915,1689458209066061908,'formSysPerm:fragmentSysPerm:listSysPermPermDetail',2,'权限详情',7,1689454707237457920,CURDATE(),1689454707237457920,CURDATE());
INSERT INTO `bupt_sys_perm_code` VALUES(1689458209066061869,1689458209066061866,'formSysRole:fragmentSysRole:update',2,'编辑',2,1689454707237457920,CURDATE(),1689454707237457920,CURDATE());
INSERT INTO `bupt_sys_perm_code` VALUES(1689458209066061871,1689458209066061866,'formSysRole:fragmentSysRole:listSysRolePermDetail',2,'权限详情',4,1689454707237457920,CURDATE(),1689454707237457920,CURDATE());
INSERT INTO `bupt_sys_perm_code` VALUES(1689458209066061882,1689458209066061881,'formSysMenu:fragmentSysMenu:add',2,'新增',1,1689454707237457920,CURDATE(),1689454707237457920,CURDATE());
INSERT INTO `bupt_sys_perm_code` VALUES(1689458209066061896,1689458209066061893,'formSysPermCode:fragmentSysPermCode:delete',2,'删除',3,1689454707237457920,CURDATE(),1689454707237457920,CURDATE());
INSERT INTO `bupt_sys_perm_code` VALUES(1689458209066061931,1689458209066061930,'formSysOperationLog:fragmentSysOperationLog',1,'操作日志',1,1689454707237457920,CURDATE(),1689454707237457920,CURDATE());
INSERT INTO `bupt_sys_perm_code` VALUES(1689458209066061850,1689458209066061849,'formSysDept:fragmentSysDept',1,'部门管理',1,1689454707237457920,CURDATE(),1689454707237457920,CURDATE());
INSERT INTO `bupt_sys_perm_code` VALUES(1690569243185123328,1690569243176734720,'demo:demo',1,'demo',0,1689454707237457920,CURDATE(),1689454707237457920,CURDATE());
INSERT INTO `bupt_sys_perm_code` VALUES(1689458209066061936,1689458209066061935,'formSysLoginUser:fragmentLoginUser',1,'在线用户',1,1689454707237457920,CURDATE(),1689454707237457920,CURDATE());

-- ----------------------------
-- 以下记录用于移动端，这里的注释，是为了便于老用户进行手动数据补偿。
-- ----------------------------
INSERT INTO `bupt_sys_perm_code` VALUES (1696168267019718656,NULL,'formMoileEntry',0,'移动端管理',13600,1689454707237457920,CURDATE(),1689454707237457920,CURDATE());
INSERT INTO `bupt_sys_perm_code` VALUES (1696168620435968000,1696168267019718656,'formMobileEntry:fragmentSudoku',1,'九宫格管理',1,1689454707237457920,CURDATE(),1689454707237457920,CURDATE());
INSERT INTO `bupt_sys_perm_code` VALUES (1696168739763916800,1696168267019718656,'formMobileEntry:formBanner',1,'轮播图管理',2,1689454707237457920,CURDATE(),1689454707237457920,CURDATE());

-- ----------------------------
-- 以下记录用于在线表单，这里的注释，是为了便于老用户进行手动数据补偿。
-- ----------------------------
INSERT INTO `bupt_sys_perm_code` VALUES (1639622659975155712,1639622363244924928,'formOnlineDblink:fragmentOnlineDblink',1,'在线表单数据库链接',1,1689454707237457920,CURDATE(),1689454707237457920,CURDATE());
INSERT INTO `bupt_sys_perm_code` VALUES (1639622363244924928,NULL,'formOnlineDblink',0,'在线表单数据库链接',12200,1689454707237457920,CURDATE(),1689454707237457920,CURDATE());
INSERT INTO `bupt_sys_perm_code` VALUES (1400639252747784192,1400639030462255104,'formOnlinePage:fragmentOnlinePage',1,'在线表单表单管理',1,1689454707237457920,CURDATE(),1689454707237457920,CURDATE());
INSERT INTO `bupt_sys_perm_code` VALUES (1400639030462255104,NULL,'formOnlinePage',0,'在线表单表单管理',12100,1689454707237457920,CURDATE(),1689454707237457920,CURDATE());
INSERT INTO `bupt_sys_perm_code` VALUES (1400638885750378496,1400638673195634688,'formOnlineDict:fragmentOnlineDict',1,'在线表单字典管理',1,1689454707237457920,CURDATE(),1689454707237457920,CURDATE());
INSERT INTO `bupt_sys_perm_code` VALUES (1400638673195634688,NULL,'formOnlineDict',0,'在线表单字典管理',12000,1689454707237457920,CURDATE(),1689454707237457920,CURDATE());

-- ----------------------------
-- 以下记录用于工作流，这里的注释，是为了便于老用户进行手动数据补偿。
-- ----------------------------
INSERT INTO `bupt_sys_perm_code` VALUES (1418046729906819072,NULL,'formFlowCategory',0,'流程分类',13000,1689454707237457920,CURDATE(),1689454707237457920,CURDATE());
INSERT INTO `bupt_sys_perm_code` VALUES (1418048134759583744,NULL,'formFlowEntry',0,'流程设计',13100,1689454707237457920,CURDATE(),1689454707237457920,CURDATE());
INSERT INTO `bupt_sys_perm_code` VALUES (1418048872671875072,NULL,'formAllInstance',0,'流程实例',13200,1689454707237457920,CURDATE(),1689454707237457920,CURDATE());
INSERT INTO `bupt_sys_perm_code` VALUES (1418050031436435456,NULL,'formMyTask',0,'我的待办',13300,1689454707237457920,CURDATE(),1689454707237457920,CURDATE());
INSERT INTO `bupt_sys_perm_code` VALUES (1418057020824621056,NULL,'formMyHistoryTask',0,'历史流程',13400,1689454707237457920,CURDATE(),1689454707237457920,CURDATE());
INSERT INTO `bupt_sys_perm_code` VALUES (1423636498195943424,NULL,'formMyApprovedTask',0,'已办任务',13500,1689454707237457920,CURDATE(),1689454707237457920,CURDATE());
INSERT INTO `bupt_sys_perm_code` VALUES (1418046848794365952,1418046729906819072,'formFlowCategory:formFlowCategory',1,'流程分类',1,1689454707237457920,CURDATE(),1689454707237457920,CURDATE());
INSERT INTO `bupt_sys_perm_code` VALUES (1418046986677915648,1418046848794365952,'formFlowCategory:formFlowCategory:add',2,'新增',1,1689454707237457920,CURDATE(),1689454707237457920,CURDATE());
INSERT INTO `bupt_sys_perm_code` VALUES (1418047095188754432,1418046848794365952,'formFlowCategory:formFlowCategory:update',2,'编辑',2,1689454707237457920,CURDATE(),1689454707237457920,CURDATE());
INSERT INTO `bupt_sys_perm_code` VALUES (1418047182946177024,1418046848794365952,'formFlowCategory:formFlowCategory:delete',2,'删除',3,1689454707237457920,CURDATE(),1689454707237457920,CURDATE());
INSERT INTO `bupt_sys_perm_code` VALUES (1418048205177753600,1418048134759583744,'formFlowEntry:formFlowEntry',1,'流程设计',1,1689454707237457920,CURDATE(),1689454707237457920,CURDATE());
INSERT INTO `bupt_sys_perm_code` VALUES (1418050797706416128,1418048205177753600,'formFlowEntry:formFlowEntry:start',2,'启动',2,1689454707237457920,CURDATE(),1689454707237457920,CURDATE());
INSERT INTO `bupt_sys_perm_code` VALUES (1418048335343783936,1418048205177753600,'formFlowEntry:formFlowEntry:update',2,'编辑',1,1689454707237457920,CURDATE(),1689454707237457920,CURDATE());
INSERT INTO `bupt_sys_perm_code` VALUES (1418049164754817024,1418048872671875072,'formAllInstance:formAllInstance',1,'流程实例',1,1689454707237457920,CURDATE(),1689454707237457920,CURDATE());
INSERT INTO `bupt_sys_perm_code` VALUES (1418049287106859008,1418049164754817024,'formAllInstance:formAllInstance:stop',2,'终止',1,1689454707237457920,CURDATE(),1689454707237457920,CURDATE());
INSERT INTO `bupt_sys_perm_code` VALUES (1418049398776008704,1418049164754817024,'formAllInstance:formAllInstance:delete',2,'删除',2,1689454707237457920,CURDATE(),1689454707237457920,CURDATE());
INSERT INTO `bupt_sys_perm_code` VALUES (1639625791975198720,1418049164754817024,'formAllInstance:formAllInstance:fixBusinessData',2,'数据补偿',5,1689454707237457920,CURDATE(),1689454707237457920,CURDATE());
INSERT INTO `bupt_sys_perm_code` VALUES (1418050322282057728,1418050031436435456,'formMyTask:formMyTask',1,'我的待办',1,1689454707237457920,CURDATE(),1689454707237457920,CURDATE());
INSERT INTO `bupt_sys_perm_code` VALUES (1418057346877231104,1418057020824621056,'formMyHistoryTask:formMyHistoryTask',1,'历史流程',1,1689454707237457920,CURDATE(),1689454707237457920,CURDATE());
INSERT INTO `bupt_sys_perm_code` VALUES (1423637544578322432,1423636498195943424,'formMyApprovedTask:formMyApprovedTask',1,'已办任务',1,1689454707237457920,CURDATE(),1689454707237457920,CURDATE());
COMMIT;

-- ----------------------------
-- 全部菜单和权限字关系数据
-- ----------------------------
BEGIN;
INSERT INTO `bupt_sys_menu_perm_code` VALUES(1689458209066061831,1689458209066061838);
INSERT INTO `bupt_sys_menu_perm_code` VALUES(1689458209066061832,1689458209066061839);
INSERT INTO `bupt_sys_menu_perm_code` VALUES(1689458209066061833,1689458209066061840);
INSERT INTO `bupt_sys_menu_perm_code` VALUES(1689458209066061834,1689458209066061841);
INSERT INTO `bupt_sys_menu_perm_code` VALUES(1689458209066061835,1689458209066061842);
INSERT INTO `bupt_sys_menu_perm_code` VALUES(1689458209066061836,1689458209066061843);
INSERT INTO `bupt_sys_menu_perm_code` VALUES(1689458209066061845,1689458209066061850);
INSERT INTO `bupt_sys_menu_perm_code` VALUES(1689458209066061846,1689458209066061851);
INSERT INTO `bupt_sys_menu_perm_code` VALUES(1689458209066061847,1689458209066061852);
INSERT INTO `bupt_sys_menu_perm_code` VALUES(1689458209066061848,1689458209066061853);
INSERT INTO `bupt_sys_menu_perm_code` VALUES(1689458209066061857,1689458209066061866);
INSERT INTO `bupt_sys_menu_perm_code` VALUES(1689458209066061862,1689458209066061867);
INSERT INTO `bupt_sys_menu_perm_code` VALUES(1689458209066061858,1689458209066061868);
INSERT INTO `bupt_sys_menu_perm_code` VALUES(1689458209066061859,1689458209066061869);
INSERT INTO `bupt_sys_menu_perm_code` VALUES(1689458209066061860,1689458209066061870);
INSERT INTO `bupt_sys_menu_perm_code` VALUES(1689458209066061863,1689458209066061872);
INSERT INTO `bupt_sys_menu_perm_code` VALUES(1689458209066061864,1689458209066061873);
INSERT INTO `bupt_sys_menu_perm_code` VALUES(1689458209066061861,1689458209066061871);
INSERT INTO `bupt_sys_menu_perm_code` VALUES(1689458209066061875,1689458209066061881);
INSERT INTO `bupt_sys_menu_perm_code` VALUES(1689458209066061876,1689458209066061882);
INSERT INTO `bupt_sys_menu_perm_code` VALUES(1689458209066061877,1689458209066061883);
INSERT INTO `bupt_sys_menu_perm_code` VALUES(1689458209066061878,1689458209066061884);
INSERT INTO `bupt_sys_menu_perm_code` VALUES(1689458209066061879,1689458209066061885);
INSERT INTO `bupt_sys_menu_perm_code` VALUES(1689458209066061887,1689458209066061893);
INSERT INTO `bupt_sys_menu_perm_code` VALUES(1689458209066061888,1689458209066061894);
INSERT INTO `bupt_sys_menu_perm_code` VALUES(1689458209066061889,1689458209066061895);
INSERT INTO `bupt_sys_menu_perm_code` VALUES(1689458209066061890,1689458209066061896);
INSERT INTO `bupt_sys_menu_perm_code` VALUES(1689458209066061891,1689458209066061897);
INSERT INTO `bupt_sys_menu_perm_code` VALUES(1689458209066061899,1689458209066061908);
INSERT INTO `bupt_sys_menu_perm_code` VALUES(1689458209066061900,1689458209066061909);
INSERT INTO `bupt_sys_menu_perm_code` VALUES(1689458209066061901,1689458209066061910);
INSERT INTO `bupt_sys_menu_perm_code` VALUES(1689458209066061902,1689458209066061911);
INSERT INTO `bupt_sys_menu_perm_code` VALUES(1689458209066061903,1689458209066061912);
INSERT INTO `bupt_sys_menu_perm_code` VALUES(1689458209066061904,1689458209066061913);
INSERT INTO `bupt_sys_menu_perm_code` VALUES(1689458209066061905,1689458209066061914);
INSERT INTO `bupt_sys_menu_perm_code` VALUES(1689458209066061906,1689458209066061915);
INSERT INTO `bupt_sys_menu_perm_code` VALUES(1689454707262623750,1689458209066061923);
INSERT INTO `bupt_sys_menu_perm_code` VALUES(1689454707262623750,1689458209066061924);
INSERT INTO `bupt_sys_menu_perm_code` VALUES(1689454707262623750,1689458209066061925);
INSERT INTO `bupt_sys_menu_perm_code` VALUES(1689454707262623750,1689458209066061926);
INSERT INTO `bupt_sys_menu_perm_code` VALUES(1689454707262623750,1689458209066061927);
INSERT INTO `bupt_sys_menu_perm_code` VALUES(1689458209066061917,1689458209066061923);
INSERT INTO `bupt_sys_menu_perm_code` VALUES(1689458209066061918,1689458209066061924);
INSERT INTO `bupt_sys_menu_perm_code` VALUES(1689458209066061919,1689458209066061925);
INSERT INTO `bupt_sys_menu_perm_code` VALUES(1689458209066061920,1689458209066061926);
INSERT INTO `bupt_sys_menu_perm_code` VALUES(1689458209066061921,1689458209066061927);
INSERT INTO `bupt_sys_menu_perm_code` VALUES(1689458209066061929,1689458209066061931);
INSERT INTO `bupt_sys_menu_perm_code` VALUES(1689458209066061933,1689458209066061936);
INSERT INTO `bupt_sys_menu_perm_code` VALUES(1689458209066061934,1689458209066061937);

-- ----------------------------
-- 以下记录用于移动端，这里的注释，是为了便于老用户进行手动数据补偿。
-- ----------------------------
INSERT INTO `bupt_sys_menu_perm_code` VALUES (1687821728979357696,1696168620435968000);
INSERT INTO `bupt_sys_menu_perm_code` VALUES (1688105082400280576,1696168739763916800);

-- ----------------------------
-- 以下记录用于在线表单，这里的注释，是为了便于老用户进行手动数据补偿。
-- ----------------------------
INSERT INTO `bupt_sys_menu_perm_code` VALUES (1392786549942259712,1400638885750378496);
INSERT INTO `bupt_sys_menu_perm_code` VALUES (1392786950682841088,1400639252747784192);
INSERT INTO `bupt_sys_menu_perm_code` VALUES (1634009076981567488,1639622659975155712);

-- ----------------------------
-- 以下记录用于工作流，这里的注释，是为了便于老用户进行手动数据补偿。
-- ----------------------------
INSERT INTO `bupt_sys_menu_perm_code` VALUES (1418057835631087616,1418046848794365952);
INSERT INTO `bupt_sys_menu_perm_code` VALUES (1418058049951633408,1418046986677915648);
INSERT INTO `bupt_sys_menu_perm_code` VALUES (1418058115667988480,1418047095188754432);
INSERT INTO `bupt_sys_menu_perm_code` VALUES (1418058170542067712,1418047182946177024);
INSERT INTO `bupt_sys_menu_perm_code` VALUES (1418058289182150656,1418048205177753600);
INSERT INTO `bupt_sys_menu_perm_code` VALUES (1418058602723151872,1418048335343783936);
INSERT INTO `bupt_sys_menu_perm_code` VALUES (1418058744037642240,1418049164754817024);
INSERT INTO `bupt_sys_menu_perm_code` VALUES (1418058844164067328,1418049287106859008);
INSERT INTO `bupt_sys_menu_perm_code` VALUES (1418058907674218496,1418049398776008704);
INSERT INTO `bupt_sys_menu_perm_code` VALUES (1639626065007611904,1639625791975198720);
INSERT INTO `bupt_sys_menu_perm_code` VALUES (1418059167532322816,1418050322282057728);
INSERT INTO `bupt_sys_menu_perm_code` VALUES (1418058515099947008,1418050797706416128);
INSERT INTO `bupt_sys_menu_perm_code` VALUES (1418059283920064512,1418057346877231104);
INSERT INTO `bupt_sys_menu_perm_code` VALUES (1423161217970606080,1423636498195943424);
INSERT INTO `bupt_sys_menu_perm_code` VALUES (1423161217970606080,1423637544578322432);
COMMIT;

-- ----------------------------
-- 全部权限资源模块数据
-- ----------------------------
BEGIN;
INSERT INTO `bupt_sys_perm_module` VALUES(1689454707271012353,NULL,'缺省分组',0,3,1689454707237457920,CURDATE(),1689454707237457920,CURDATE());
INSERT INTO `bupt_sys_perm_module` VALUES(1689454707271012352,NULL,'系统配置',0,2,1689454707237457920,CURDATE(),1689454707237457920,CURDATE());
INSERT INTO `bupt_sys_perm_module` VALUES(1689454707245846530,NULL,'用户权限',0,1,1689454707237457920,CURDATE(),1689454707237457920,CURDATE());
INSERT INTO `bupt_sys_perm_module` VALUES(1689458209061867592,1689454707271012352,'字典管理',0,0,1689454707237457920,CURDATE(),1689454707237457920,CURDATE());
INSERT INTO `bupt_sys_perm_module` VALUES(1689454707396841472,1689454707245846530,'部门管理',1,0,1689454707237457920,CURDATE(),1689454707237457920,CURDATE());
INSERT INTO `bupt_sys_perm_module` VALUES(1689454707350704128,1689454707245846530,'用户管理',1,5,1689454707237457920,CURDATE(),1689454707237457920,CURDATE());
INSERT INTO `bupt_sys_perm_module` VALUES(1689458209061867549,1689454707245846530,'角色管理',1,10,1689454707237457920,CURDATE(),1689454707237457920,CURDATE());
INSERT INTO `bupt_sys_perm_module` VALUES(1689458209061867561,1689454707245846530,'菜单管理',1,15,1689454707237457920,CURDATE(),1689454707237457920,CURDATE());
INSERT INTO `bupt_sys_perm_module` VALUES(1689458209061867569,1689454707245846530,'权限字管理',1,20,1689454707237457920,CURDATE(),1689454707237457920,CURDATE());
INSERT INTO `bupt_sys_perm_module` VALUES(1689458209061867577,1689454707245846530,'权限模块管理',1,25,1689454707237457920,CURDATE(),1689454707237457920,CURDATE());
INSERT INTO `bupt_sys_perm_module` VALUES(1689458209061867583,1689454707245846530,'权限资源管理',1,30,1689454707237457920,CURDATE(),1689454707237457920,CURDATE());
INSERT INTO `bupt_sys_perm_module` VALUES(1689458209061867593,1689458209061867592,'编码字典',1,0,1689454707237457920,CURDATE(),1689454707237457920,CURDATE());
INSERT INTO `bupt_sys_perm_module` VALUES(1694976956031832064,1689458209061867592,'地址',1,2,1689454707237457920,CURDATE(),1689454707237457920,CURDATE());
INSERT INTO `bupt_sys_perm_module` VALUES(1689458209066061824,1689454707271012352,'操作日志',1,5,1689454707237457920,CURDATE(),1689454707237457920,CURDATE());
INSERT INTO `bupt_sys_perm_module` VALUES(1689458209066061826,1689454707271012352,'在线用户',1,10,1689454707237457920,CURDATE(),1689454707237457920,CURDATE());

-- ----------------------------
-- 以下记录用于移动端，这里的注释，是为了便于老用户进行手动数据补偿。
-- ----------------------------
INSERT INTO `bupt_sys_perm_module` VALUES (1696167234029752320,0,'移动端管理',0,11,1689454707237457920,CURDATE(),1689454707237457920,CURDATE());
INSERT INTO `bupt_sys_perm_module` VALUES (1696167285498056704,1696167234029752320,'移动端管理',1,1,1689454707237457920,CURDATE(),1689454707237457920,CURDATE());

-- ----------------------------
-- 以下记录用于在线表单，这里的注释，是为了便于老用户进行手动数据补偿。
-- ----------------------------
INSERT INTO `bupt_sys_perm_module` VALUES (1400626463740268544,1400625106979393536,'表单管理',1,9,1689454707237457920,CURDATE(),1689454707237457920,CURDATE());
INSERT INTO `bupt_sys_perm_module` VALUES (1400626237478539264,1400625106979393536,'数据源关联',1,8,1689454707237457920,CURDATE(),1689454707237457920,CURDATE());
INSERT INTO `bupt_sys_perm_module` VALUES (1400626192725315584,1400625106979393536,'数据源管理',1,7,1689454707237457920,CURDATE(),1689454707237457920,CURDATE());
INSERT INTO `bupt_sys_perm_module` VALUES (1400626018774945792,1400625106979393536,'字段验证规则',1,5,1689454707237457920,CURDATE(),1689454707237457920,CURDATE());
INSERT INTO `bupt_sys_perm_module` VALUES (1400625906245963776,1400625106979393536,'数据表字段',1,4,1689454707237457920,CURDATE(),1689454707237457920,CURDATE());
INSERT INTO `bupt_sys_perm_module` VALUES (1400625585851469824,1400625106979393536,'在线表单字典管理',1,1,1689454707237457920,CURDATE(),1689454707237457920,CURDATE());
INSERT INTO `bupt_sys_perm_module` VALUES (1400625338886656000,1400625106979393536,'页面管理',1,6,1689454707237457920,CURDATE(),1689454707237457920,CURDATE());
INSERT INTO `bupt_sys_perm_module` VALUES (1400625224646397952,1400625106979393536,'数据库连接',1,2,1689454707237457920,CURDATE(),1689454707237457920,CURDATE());
INSERT INTO `bupt_sys_perm_module` VALUES (1413404952566435840,1400625106979393536,'虚拟字段管理',1,10,1689454707237457920,CURDATE(),1689454707237457920,CURDATE());
INSERT INTO `bupt_sys_perm_module` VALUES (1400625106979393536,NULL,'在线表单',0,5,1689454707237457920,CURDATE(),1689454707237457920,CURDATE());

-- ----------------------------
-- 以下记录用于工作流，这里的注释，是为了便于老用户进行手动数据补偿。
-- ----------------------------
INSERT INTO `bupt_sys_perm_module` VALUES (1418028920103505920,NULL,'流程管理',0,6,1689454707237457920,CURDATE(),1689454707237457920,CURDATE());
INSERT INTO `bupt_sys_perm_module` VALUES (1418038955105849344,NULL,'工单列表',0,7,1689454707237457920,CURDATE(),1689454707237457920,CURDATE());
INSERT INTO `bupt_sys_perm_module` VALUES (1418029566533832704,1418028920103505920,'流程分类',1,1,1689454707237457920,CURDATE(),1689454707237457920,CURDATE());
INSERT INTO `bupt_sys_perm_module` VALUES (1418029615040958464,1418028920103505920,'流程设计',1,2,1689454707237457920,CURDATE(),1689454707237457920,CURDATE());
INSERT INTO `bupt_sys_perm_module` VALUES (1418030256765276160,1418028920103505920,'流程操作',1,4,1689454707237457920,CURDATE(),1689454707237457920,CURDATE());
INSERT INTO `bupt_sys_perm_module` VALUES (1418031999276290048,1418028920103505920,'流程变量',1,3,1689454707237457920,CURDATE(),1689454707237457920,CURDATE());
INSERT INTO `bupt_sys_perm_module` VALUES (1418051228918616064,1418028920103505920,'启动流程',1,5,1689454707237457920,CURDATE(),1689454707237457920,CURDATE());
INSERT INTO `bupt_sys_perm_module` VALUES (1418051634793025536,1418028920103505920,'审批流程',1,6,1689454707237457920,CURDATE(),1689454707237457920,CURDATE());
INSERT INTO `bupt_sys_perm_module` VALUES (1418054414190514176,1418028920103505920,'流程审批数据',1,7,1689454707237457920,CURDATE(),1689454707237457920,CURDATE());
INSERT INTO `bupt_sys_perm_module` VALUES (1423635643371622400,1418028920103505920,'已办任务',1,8,1689454707237457920,CURDATE(),1689454707237457920,CURDATE());
COMMIT;

-- ----------------------------
-- 全部权限资源数据
-- ----------------------------
BEGIN;
INSERT INTO `bupt_sys_perm` VALUES(1689454707417812992,1689454707396841472,'新增','/admin/upms/sysDept/add',1,1689454707237457920,CURDATE(),1689454707237457920,CURDATE());
INSERT INTO `bupt_sys_perm` VALUES(1689454707417813000,1689454707396841472,'编辑','/admin/upms/sysDept/update',2,1689454707237457920,CURDATE(),1689454707237457920,CURDATE());
INSERT INTO `bupt_sys_perm` VALUES(1689454707417813009,1689454707396841472,'删除','/admin/upms/sysDept/delete',3,1689454707237457920,CURDATE(),1689454707237457920,CURDATE());
INSERT INTO `bupt_sys_perm` VALUES(1689454707417813011,1689454707396841472,'导入','/admin/upms/sysDept/import',4,1689454707237457920,CURDATE(),1689454707237457920,CURDATE());
INSERT INTO `bupt_sys_perm` VALUES(1689454707417813012,1689454707396841472,'批量删除','/admin/upms/sysDept/deleteBatch',5,1689454707237457920,CURDATE(),1689454707237457920,CURDATE());
INSERT INTO `bupt_sys_perm` VALUES(1689454707430395904,1689454707396841472,'显示列表','/admin/upms/sysDept/list',6,1689454707237457920,CURDATE(),1689454707237457920,CURDATE());
INSERT INTO `bupt_sys_perm` VALUES(1689454707430395906,1689454707396841472,'导出','/admin/upms/sysDept/export',7,1689454707237457920,CURDATE(),1689454707237457920,CURDATE());
INSERT INTO `bupt_sys_perm` VALUES(1689454707430395908,1689454707396841472,'详情','/admin/upms/sysDept/view',8,1689454707237457920,CURDATE(),1689454707237457920,CURDATE());
INSERT INTO `bupt_sys_perm` VALUES(1689454707430395910,1689454707396841472,'打印','/admin/upms/sysDept/print',9,1689454707237457920,CURDATE(),1689454707237457920,CURDATE());
INSERT INTO `bupt_sys_perm` VALUES(1689454707363287040,1689454707350704128,'新增','/admin/upms/sysUser/add',1,1689454707237457920,CURDATE(),1689454707237457920,CURDATE());
INSERT INTO `bupt_sys_perm` VALUES(1689454707363287055,1689454707350704128,'编辑','/admin/upms/sysUser/update',2,1689454707237457920,CURDATE(),1689454707237457920,CURDATE());
INSERT INTO `bupt_sys_perm` VALUES(1689454707363287071,1689454707350704128,'删除','/admin/upms/sysUser/delete',3,1689454707237457920,CURDATE(),1689454707237457920,CURDATE());
INSERT INTO `bupt_sys_perm` VALUES(1689454707363287073,1689454707350704128,'导入','/admin/upms/sysUser/import',4,1689454707237457920,CURDATE(),1689454707237457920,CURDATE());
INSERT INTO `bupt_sys_perm` VALUES(1689454707363287074,1689454707350704128,'批量删除','/admin/upms/sysUser/deleteBatch',5,1689454707237457920,CURDATE(),1689454707237457920,CURDATE());
INSERT INTO `bupt_sys_perm` VALUES(1689454707380064256,1689454707350704128,'显示列表','/admin/upms/sysUser/list',6,1689454707237457920,CURDATE(),1689454707237457920,CURDATE());
INSERT INTO `bupt_sys_perm` VALUES(1689454707380064262,1689454707350704128,'导出','/admin/upms/sysUser/export',7,1689454707237457920,CURDATE(),1689454707237457920,CURDATE());
INSERT INTO `bupt_sys_perm` VALUES(1689454707380064268,1689454707350704128,'详情','/admin/upms/sysUser/view',8,1689454707237457920,CURDATE(),1689454707237457920,CURDATE());
INSERT INTO `bupt_sys_perm` VALUES(1689454707380064270,1689454707350704128,'打印','/admin/upms/sysUser/print',9,1689454707237457920,CURDATE(),1689454707237457920,CURDATE());
INSERT INTO `bupt_sys_perm` VALUES(1689454707392647168,1689454707350704128,'重置密码','/admin/upms/sysUser/resetPassword',10,1689454707237457920,CURDATE(),1689454707237457920,CURDATE());
INSERT INTO `bupt_sys_perm` VALUES(1689454707296178191,1689454707350704128,'用户管理文件上传','/admin/upms/sysUser/upload',11,1689454707237457920,CURDATE(),1689454707237457920,CURDATE());
INSERT INTO `bupt_sys_perm` VALUES(1689454707296178190,1689454707350704128,'用户管理文件下载','/admin/upms/sysUser/download',12,1689454707237457920,CURDATE(),1689454707237457920,CURDATE());
INSERT INTO `bupt_sys_perm` VALUES(1689458209061867546,1689454707350704128,'用户权限资源分配详情','/admin/upms/sysUser/listSysPermWithDetail',13,1689454707237457920,CURDATE(),1689454707237457920,CURDATE());
INSERT INTO `bupt_sys_perm` VALUES(1689458209061867547,1689454707350704128,'用户权限字分配详情','/admin/upms/sysUser/listSysPermCodeWithDetail',14,1689454707237457920,CURDATE(),1689454707237457920,CURDATE());
INSERT INTO `bupt_sys_perm` VALUES(1689458209061867548,1689454707350704128,'用户菜单分配详情','/admin/upms/sysUser/listSysMenuWithDetail',15,1689454707237457920,CURDATE(),1689454707237457920,CURDATE());
INSERT INTO `bupt_sys_perm` VALUES(1689458209061867550,1689458209061867549,'新增','/admin/upms/sysRole/add',1,1689454707237457920,CURDATE(),1689454707237457920,CURDATE());
INSERT INTO `bupt_sys_perm` VALUES(1689458209061867551,1689458209061867549,'编辑','/admin/upms/sysRole/update',2,1689454707237457920,CURDATE(),1689454707237457920,CURDATE());
INSERT INTO `bupt_sys_perm` VALUES(1689458209061867552,1689458209061867549,'删除','/admin/upms/sysRole/delete',3,1689454707237457920,CURDATE(),1689454707237457920,CURDATE());
INSERT INTO `bupt_sys_perm` VALUES(1689458209061867553,1689458209061867549,'显示列表','/admin/upms/sysRole/list',4,1689454707237457920,CURDATE(),1689454707237457920,CURDATE());
INSERT INTO `bupt_sys_perm` VALUES(1689458209061867554,1689458209061867549,'详情','/admin/upms/sysRole/view',5,1689454707237457920,CURDATE(),1689454707237457920,CURDATE());
INSERT INTO `bupt_sys_perm` VALUES(1689458209061867555,1689458209061867549,'授权用户','/admin/upms/sysRole/addUserRole',6,1689454707237457920,CURDATE(),1689454707237457920,CURDATE());
INSERT INTO `bupt_sys_perm` VALUES(1689458209061867556,1689458209061867549,'移除用户','/admin/upms/sysRole/deleteUserRole',7,1689454707237457920,CURDATE(),1689454707237457920,CURDATE());
INSERT INTO `bupt_sys_perm` VALUES(1689458209061867557,1689458209061867549,'角色用户列表','/admin/upms/sysRole/listUserRole',8,1689454707237457920,CURDATE(),1689454707237457920,CURDATE());
INSERT INTO `bupt_sys_perm` VALUES(1689458209061867558,1689458209061867549,'角色未添加用户列表','/admin/upms/sysRole/listNotInUserRole',9,1689454707237457920,CURDATE(),1689454707237457920,CURDATE());
INSERT INTO `bupt_sys_perm` VALUES(1689458209061867559,1689458209061867549,'角色权限资源分配详情','/admin/upms/sysRole/listSysPermWithDetail',10,1689454707237457920,CURDATE(),1689454707237457920,CURDATE());
INSERT INTO `bupt_sys_perm` VALUES(1689458209061867560,1689458209061867549,'角色权限字分配详情','/admin/upms/sysRole/listSysPermCodeWithDetail',11,1689454707237457920,CURDATE(),1689454707237457920,CURDATE());
INSERT INTO `bupt_sys_perm` VALUES(1689458209061867562,1689458209061867561,'新增','/admin/upms/sysMenu/add',1,1689454707237457920,CURDATE(),1689454707237457920,CURDATE());
INSERT INTO `bupt_sys_perm` VALUES(1689458209061867563,1689458209061867561,'删除','/admin/upms/sysMenu/delete',2,1689454707237457920,CURDATE(),1689454707237457920,CURDATE());
INSERT INTO `bupt_sys_perm` VALUES(1689458209061867564,1689458209061867561,'编辑','/admin/upms/sysMenu/update',3,1689454707237457920,CURDATE(),1689454707237457920,CURDATE());
INSERT INTO `bupt_sys_perm` VALUES(1689458209061867565,1689458209061867561,'显示列表','/admin/upms/sysMenu/list',4,1689454707237457920,CURDATE(),1689454707237457920,CURDATE());
INSERT INTO `bupt_sys_perm` VALUES(1689458209061867566,1689458209061867561,'详情','/admin/upms/sysMenu/view',5,1689454707237457920,CURDATE(),1689454707237457920,CURDATE());
INSERT INTO `bupt_sys_perm` VALUES(1689458209061867567,1689458209061867561,'菜单权限资源分配详情','/admin/upms/sysMenu/listSysPermWithDetail',6,1689454707237457920,CURDATE(),1689454707237457920,CURDATE());
INSERT INTO `bupt_sys_perm` VALUES(1689458209061867568,1689458209061867561,'菜单用户分配详情','/admin/upms/sysMenu/listSysUserWithDetail',7,1689454707237457920,CURDATE(),1689454707237457920,CURDATE());
INSERT INTO `bupt_sys_perm` VALUES(1689458209061867570,1689458209061867569,'新增','/admin/upms/sysPermCode/add',1,1689454707237457920,CURDATE(),1689454707237457920,CURDATE());
INSERT INTO `bupt_sys_perm` VALUES(1689458209061867571,1689458209061867569,'编辑','/admin/upms/sysPermCode/update',2,1689454707237457920,CURDATE(),1689454707237457920,CURDATE());
INSERT INTO `bupt_sys_perm` VALUES(1689458209061867572,1689458209061867569,'删除','/admin/upms/sysPermCode/delete',3,1689454707237457920,CURDATE(),1689454707237457920,CURDATE());
INSERT INTO `bupt_sys_perm` VALUES(1689458209061867573,1689458209061867569,'显示列表','/admin/upms/sysPermCode/list',4,1689454707237457920,CURDATE(),1689454707237457920,CURDATE());
INSERT INTO `bupt_sys_perm` VALUES(1689458209061867574,1689458209061867569,'详情','/admin/upms/sysPermCode/view',5,1689454707237457920,CURDATE(),1689454707237457920,CURDATE());
INSERT INTO `bupt_sys_perm` VALUES(1689458209061867575,1689458209061867569,'权限字用户分配详情','/admin/upms/sysPermCode/listSysUserWithDetail',6,1689454707237457920,CURDATE(),1689454707237457920,CURDATE());
INSERT INTO `bupt_sys_perm` VALUES(1689458209061867576,1689458209061867569,'权限字角色分配详情','/admin/upms/sysPermCode/listSysRoleWithDetail',7,1689454707237457920,CURDATE(),1689454707237457920,CURDATE());
INSERT INTO `bupt_sys_perm` VALUES(1689458209061867578,1689458209061867577,'新增','/admin/upms/sysPermModule/add',1,1689454707237457920,CURDATE(),1689454707237457920,CURDATE());
INSERT INTO `bupt_sys_perm` VALUES(1689458209061867579,1689458209061867577,'编辑','/admin/upms/sysPermModule/update',2,1689454707237457920,CURDATE(),1689454707237457920,CURDATE());
INSERT INTO `bupt_sys_perm` VALUES(1689458209061867580,1689458209061867577,'删除','/admin/upms/sysPermModule/delete',3,1689454707237457920,CURDATE(),1689454707237457920,CURDATE());
INSERT INTO `bupt_sys_perm` VALUES(1689458209061867581,1689458209061867577,'显示列表','/admin/upms/sysPermModule/list',4,1689454707237457920,CURDATE(),1689454707237457920,CURDATE());
INSERT INTO `bupt_sys_perm` VALUES(1689458209061867582,1689458209061867577,'显示全部','/admin/upms/sysPermModule/listAll',5,1689454707237457920,CURDATE(),1689454707237457920,CURDATE());
INSERT INTO `bupt_sys_perm` VALUES(1689458209061867584,1689458209061867583,'新增','/admin/upms/sysPerm/add',1,1689454707237457920,CURDATE(),1689454707237457920,CURDATE());
INSERT INTO `bupt_sys_perm` VALUES(1689458209061867585,1689458209061867583,'编辑','/admin/upms/sysPerm/update',2,1689454707237457920,CURDATE(),1689454707237457920,CURDATE());
INSERT INTO `bupt_sys_perm` VALUES(1689458209061867586,1689458209061867583,'删除','/admin/upms/sysPerm/delete',3,1689454707237457920,CURDATE(),1689454707237457920,CURDATE());
INSERT INTO `bupt_sys_perm` VALUES(1689458209061867587,1689458209061867583,'显示列表','/admin/upms/sysPerm/list',4,1689454707237457920,CURDATE(),1689454707237457920,CURDATE());
INSERT INTO `bupt_sys_perm` VALUES(1689458209061867588,1689458209061867583,'详情','/admin/upms/sysPerm/view',5,1689454707237457920,CURDATE(),1689454707237457920,CURDATE());
INSERT INTO `bupt_sys_perm` VALUES(1689458209061867589,1689458209061867583,'权限资源用户分配详情','/admin/upms/sysPerm/listSysUserWithDetail',6,1689454707237457920,CURDATE(),1689454707237457920,CURDATE());
INSERT INTO `bupt_sys_perm` VALUES(1689458209061867590,1689458209061867583,'权限资源角色分配详情','/admin/upms/sysPerm/listSysRoleWithDetail',7,1689454707237457920,CURDATE(),1689454707237457920,CURDATE());
INSERT INTO `bupt_sys_perm` VALUES(1689458209061867591,1689458209061867583,'权限资源菜单分配详情','/admin/upms/sysPerm/listSysMenuWithDetail',8,1689454707237457920,CURDATE(),1689454707237457920,CURDATE());
INSERT INTO `bupt_sys_perm` VALUES(1689458209061867594,1689458209061867593,'新增编码字典','/admin/upms/globalDict/add',1,1689454707237457920,CURDATE(),1689454707237457920,CURDATE());
INSERT INTO `bupt_sys_perm` VALUES(1689458209061867595,1689458209061867593,'编辑编码字典','/admin/upms/globalDict/update',2,1689454707237457920,CURDATE(),1689454707237457920,CURDATE());
INSERT INTO `bupt_sys_perm` VALUES(1689458209061867596,1689458209061867593,'删除编码字典','/admin/upms/globalDict/delete',3,1689454707237457920,CURDATE(),1689454707237457920,CURDATE());
INSERT INTO `bupt_sys_perm` VALUES(1689458209061867597,1689458209061867593,'编码字典列表','/admin/upms/globalDict/list',4,1689454707237457920,CURDATE(),1689454707237457920,CURDATE());
INSERT INTO `bupt_sys_perm` VALUES(1689458209061867598,1689458209061867593,'新增编码字典数据','/admin/upms/globalDict/addItem',5,1689454707237457920,CURDATE(),1689454707237457920,CURDATE());
INSERT INTO `bupt_sys_perm` VALUES(1689458209061867599,1689458209061867593,'编辑编码字典数据','/admin/upms/globalDict/updateItem',6,1689454707237457920,CURDATE(),1689454707237457920,CURDATE());
INSERT INTO `bupt_sys_perm` VALUES(1689458209061867600,1689458209061867593,'编辑编码字典数据状态','/admin/upms/globalDict/updateItemStatus',7,1689454707237457920,CURDATE(),1689454707237457920,CURDATE());
INSERT INTO `bupt_sys_perm` VALUES(1689458209061867601,1689458209061867593,'删除编码字典数据','/admin/upms/globalDict/deleteItem',8,1689454707237457920,CURDATE(),1689454707237457920,CURDATE());
INSERT INTO `bupt_sys_perm` VALUES(1689458209061867602,1689458209061867593,'编码字典数据同步缓存','/admin/upms/globalDict/reloadCachedData',9,1689454707237457920,CURDATE(),1689454707237457920,CURDATE());
INSERT INTO `bupt_sys_perm` VALUES(1694978394602606644,1694976956031832064,'新增','/admin/app/areaCode/add',1,1689454707237457920,CURDATE(),1689454707237457920,CURDATE());
INSERT INTO `bupt_sys_perm` VALUES(1694978394602606645,1694976956031832064,'编辑','/admin/app/areaCode/update',2,1689454707237457920,CURDATE(),1689454707237457920,CURDATE());
INSERT INTO `bupt_sys_perm` VALUES(1694978394602606646,1694976956031832064,'删除','/admin/app/areaCode/delete',3,1689454707237457920,CURDATE(),1689454707237457920,CURDATE());
INSERT INTO `bupt_sys_perm` VALUES(1694978394602606647,1694976956031832064,'同步缓存','/admin/app/areaCode/reloadCachedData',4,1689454707237457920,CURDATE(),1689454707237457920,CURDATE());
INSERT INTO `bupt_sys_perm` VALUES(1689458209066061825,1689458209066061824,'显示列表','/admin/upms/sysOperationLog/list',1,1689454707237457920,CURDATE(),1689454707237457920,CURDATE());
INSERT INTO `bupt_sys_perm` VALUES(1689458209066061827,1689458209066061826,'显示列表','/admin/upms/loginUser/list',1,1689454707237457920,CURDATE(),1689454707237457920,CURDATE());
INSERT INTO `bupt_sys_perm` VALUES(1689458209066061828,1689458209066061826,'删除','/admin/upms/loginUser/delete',1,1689454707237457920,CURDATE(),1689454707237457920,CURDATE());

-- ----------------------------
-- 以下记录用于移动端，这里的注释，是为了便于老用户进行手动数据补偿。
-- ----------------------------
INSERT INTO `bupt_sys_perm` VALUES (1696167456139120640,1696167285498056704,'显示列表','/admin/mobile/mobileEntry/list',1,1689454707237457920,CURDATE(),1689454707237457920,CURDATE());
INSERT INTO `bupt_sys_perm` VALUES (1696167558614355968,1696167285498056704,'详情','/admin/mobile/mobileEntry/view',2,1689454707237457920,CURDATE(),1689454707237457920,CURDATE());
INSERT INTO `bupt_sys_perm` VALUES (1696167638708785152,1696167285498056704,'新建','/admin/mobile/mobileEntry/add',3,1689454707237457920,CURDATE(),1689454707237457920,CURDATE());
INSERT INTO `bupt_sys_perm` VALUES (1696167688499367936,1696167285498056704,'更新','/admin/mobile/mobileEntry/update',4,1689454707237457920,CURDATE(),1689454707237457920,CURDATE());
INSERT INTO `bupt_sys_perm` VALUES (1696167785131937792,1696167285498056704,'删除','/admin/mobile/mobileEntry/delete',5,1689454707237457920,CURDATE(),1689454707237457920,CURDATE());
INSERT INTO `bupt_sys_perm` VALUES (1696167901570011136,1696167285498056704,'上传图片','/admin/mobile/mobileEntry/uploadImage',6,1689454707237457920,CURDATE(),1689454707237457920,CURDATE());
INSERT INTO `bupt_sys_perm` VALUES (1696167964069335040,1696167285498056704,'下载图片','/admin/mobile/mobileEntry/downloadImage',7,1689454707237457920,CURDATE(),1689454707237457920,CURDATE());

-- ----------------------------
-- 以下记录用于在线表单，这里的注释，是为了便于老用户进行手动数据补偿。
-- ----------------------------
INSERT INTO `bupt_sys_perm` VALUES (1400637970863624193,1400626463740268544,'复制','/admin/online/onlineForm/clone',7,1689454707237457920,CURDATE(),1689454707237457920,CURDATE());
INSERT INTO `bupt_sys_perm` VALUES (1400637970863624192,1400626463740268544,'渲染信息','/admin/online/onlineForm/render',6,1689454707237457920,CURDATE(),1689454707237457920,CURDATE());
INSERT INTO `bupt_sys_perm` VALUES (1400637895328403456,1400626463740268544,'删除','/admin/online/onlineForm/delete',5,1689454707237457920,CURDATE(),1689454707237457920,CURDATE());
INSERT INTO `bupt_sys_perm` VALUES (1400637858414333952,1400626463740268544,'编辑','/admin/online/onlineForm/update',4,1689454707237457920,CURDATE(),1689454707237457920,CURDATE());
INSERT INTO `bupt_sys_perm` VALUES (1400637822737584128,1400626463740268544,'新增','/admin/online/onlineForm/add',3,1689454707237457920,CURDATE(),1689454707237457920,CURDATE());
INSERT INTO `bupt_sys_perm` VALUES (1400637775962705920,1400626463740268544,'详情','/admin/online/onlineForm/view',2,1689454707237457920,CURDATE(),1689454707237457920,CURDATE());
INSERT INTO `bupt_sys_perm` VALUES (1400637740705386496,1400626463740268544,'显示列表','/admin/online/onlineForm/list',1,1689454707237457920,CURDATE(),1689454707237457920,CURDATE());
INSERT INTO `bupt_sys_perm` VALUES (1400636656679129088,1400626237478539264,'删除','/admin/online/onlineDatasourceRelation/delete',5,1689454707237457920,CURDATE(),1689454707237457920,CURDATE());
INSERT INTO `bupt_sys_perm` VALUES (1400636610403373056,1400626237478539264,'编辑','/admin/online/onlineDatasourceRelation/update',4,1689454707237457920,CURDATE(),1689454707237457920,CURDATE());
INSERT INTO `bupt_sys_perm` VALUES (1400636571165659136,1400626237478539264,'新增','/admin/online/onlineDatasourceRelation/add',3,1689454707237457920,CURDATE(),1689454707237457920,CURDATE());
INSERT INTO `bupt_sys_perm` VALUES (1400636535371468800,1400626237478539264,'详情','/admin/online/onlineDatasourceRelation/view',2,1689454707237457920,CURDATE(),1689454707237457920,CURDATE());
INSERT INTO `bupt_sys_perm` VALUES (1400636501900922880,1400626237478539264,'显示列表','/admin/online/onlineDatasourceRelation/list',1,1689454707237457920,CURDATE(),1689454707237457920,CURDATE());
INSERT INTO `bupt_sys_perm` VALUES (1400636338838966272,1400626192725315584,'删除','/admin/online/onlineDatasource/delete',5,1689454707237457920,CURDATE(),1689454707237457920,CURDATE());
INSERT INTO `bupt_sys_perm` VALUES (1400636301480300544,1400626192725315584,'编辑','/admin/online/onlineDatasource/update',4,1689454707237457920,CURDATE(),1689454707237457920,CURDATE());
INSERT INTO `bupt_sys_perm` VALUES (1400636258107002880,1400626192725315584,'新增','/admin/online/onlineDatasource/add',3,1689454707237457920,CURDATE(),1689454707237457920,CURDATE());
INSERT INTO `bupt_sys_perm` VALUES (1400636217728438272,1400626192725315584,'详情','/admin/online/onlineDatasource/view',2,1689454707237457920,CURDATE(),1689454707237457920,CURDATE());
INSERT INTO `bupt_sys_perm` VALUES (1400636182936686592,1400626192725315584,'显示列表','/admin/online/onlineDatasource/list',1,1689454707237457920,CURDATE(),1689454707237457920,CURDATE());
INSERT INTO `bupt_sys_perm` VALUES (1400636031752998912,1400625338886656000,'页面数据源详情','/admin/online/onlinePage/viewOnlinePageDatasource',13,1689454707237457920,CURDATE(),1689454707237457920,CURDATE());
INSERT INTO `bupt_sys_perm` VALUES (1400635963469729792,1400625338886656000,'编辑页面数据源','/admin/online/onlinePage/updateOnlinePageDatasource',12,1689454707237457920,CURDATE(),1689454707237457920,CURDATE());
INSERT INTO `bupt_sys_perm` VALUES (1400635896461529088,1400625338886656000,'删除页面数据源','/admin/online/onlinePage/deleteOnlinePageDatasource',11,1689454707237457920,CURDATE(),1689454707237457920,CURDATE());
INSERT INTO `bupt_sys_perm` VALUES (1400635827347787776,1400625338886656000,'添加页面数据源','/admin/online/onlinePage/addOnlinePageDatasource',10,1689454707237457920,CURDATE(),1689454707237457920,CURDATE());
INSERT INTO `bupt_sys_perm` VALUES (1400635757332271104,1400625338886656000,'未使用页面数据源列表','/admin/online/onlinePage/listNotInOnlinePageDatasource',9,1689454707237457920,CURDATE(),1689454707237457920,CURDATE());
INSERT INTO `bupt_sys_perm` VALUES (1400635661106548736,1400625338886656000,'页面数据源列表','/admin/online/onlinePage/listOnlinePageDatasource',8,1689454707237457920,CURDATE(),1689454707237457920,CURDATE());
INSERT INTO `bupt_sys_perm` VALUES (1400635581532213248,1400625338886656000,'删除','/admin/online/onlinePage/delete',7,1689454707237457920,CURDATE(),1689454707237457920,CURDATE());
INSERT INTO `bupt_sys_perm` VALUES (1400635527698321408,1400625338886656000,'更新启用状态','/admin/online/onlinePage/updatePublished',6,1689454707237457920,CURDATE(),1689454707237457920,CURDATE());
INSERT INTO `bupt_sys_perm` VALUES (1400635426808532992,1400625338886656000,'编辑','/admin/online/onlinePage/update',5,1689454707237457920,CURDATE(),1689454707237457920,CURDATE());
INSERT INTO `bupt_sys_perm` VALUES (1400635378506928128,1400625338886656000,'新增','/admin/online/onlinePage/add',4,1689454707237457920,CURDATE(),1689454707237457920,CURDATE());
INSERT INTO `bupt_sys_perm` VALUES (1400635341274091520,1400625338886656000,'详情','/admin/online/onlinePage/view',3,1689454707237457920,CURDATE(),1689454707237457920,CURDATE());
INSERT INTO `bupt_sys_perm` VALUES (1400635267726970880,1400625338886656000,'页面以及表单列表','/admin/online/onlinePage/listAllPageAndForm',2,1689454707237457920,CURDATE(),1689454707237457920,CURDATE());
INSERT INTO `bupt_sys_perm` VALUES (1400635131969933312,1400625338886656000,'显示列表','/admin/online/onlinePage/list',1,1689454707237457920,CURDATE(),1689454707237457920,CURDATE());
INSERT INTO `bupt_sys_perm` VALUES (1400634735549485056,1400626018774945792,'删除','/admin/online/onlineRule/delete',5,1689454707237457920,CURDATE(),1689454707237457920,CURDATE());
INSERT INTO `bupt_sys_perm` VALUES (1400634693472227328,1400626018774945792,'编辑','/admin/online/onlineRule/update',4,1689454707237457920,CURDATE(),1689454707237457920,CURDATE());
INSERT INTO `bupt_sys_perm` VALUES (1400634651944423424,1400626018774945792,'新增','/admin/online/onlineRule/add',3,1689454707237457920,CURDATE(),1689454707237457920,CURDATE());
INSERT INTO `bupt_sys_perm` VALUES (1400634613151305728,1400626018774945792,'详情','/admin/online/onlineRule/view',2,1689454707237457920,CURDATE(),1689454707237457920,CURDATE());
INSERT INTO `bupt_sys_perm` VALUES (1400634559896227840,1400626018774945792,'显示列表','/admin/online/onlineRule/list',1,1689454707237457920,CURDATE(),1689454707237457920,CURDATE());
INSERT INTO `bupt_sys_perm` VALUES (1400634354593435648,1400625906245963776,'字段验证规则详情','/admin/online/onlineColumn/viewOnlineColumnRule',12,1689454707237457920,CURDATE(),1689454707237457920,CURDATE());
INSERT INTO `bupt_sys_perm` VALUES (1400634280308117504,1400625906245963776,'编辑字段验证规则','/admin/online/onlineColumn/updateOnlineColumnRule',11,1689454707237457920,CURDATE(),1689454707237457920,CURDATE());
INSERT INTO `bupt_sys_perm` VALUES (1400634100498305024,1400625906245963776,'删除字段验证规则','/admin/online/onlineColumn/deleteOnlineColumnRule',10,1689454707237457920,CURDATE(),1689454707237457920,CURDATE());
INSERT INTO `bupt_sys_perm` VALUES (1400634012745076736,1400625906245963776,'添加字段验证规则','/admin/online/onlineColumn/addOnlineColumnRule',9,1689454707237457920,CURDATE(),1689454707237457920,CURDATE());
INSERT INTO `bupt_sys_perm` VALUES (1400633922085195776,1400625906245963776,'未使用字段验证规则列表','/admin/online/onlineColumn/listNotInOnlineColumnRule',8,1689454707237457920,CURDATE(),1689454707237457920,CURDATE());
INSERT INTO `bupt_sys_perm` VALUES (1400633798403559424,1400625906245963776,'字段验证规则列表','/admin/online/onlineColumn/listOnlineColumnRule',7,1689454707237457920,CURDATE(),1689454707237457920,CURDATE());
INSERT INTO `bupt_sys_perm` VALUES (1400633713376628736,1400625906245963776,'刷新字段','/admin/online/onlineColumn/refresh',6,1689454707237457920,CURDATE(),1689454707237457920,CURDATE());
INSERT INTO `bupt_sys_perm` VALUES (1400633612201627648,1400625906245963776,'删除','/admin/online/onlineColumn/delete',5,1689454707237457920,CURDATE(),1689454707237457920,CURDATE());
INSERT INTO `bupt_sys_perm` VALUES (1400633568027217920,1400625906245963776,'编辑','/admin/online/onlineColumn/update',4,1689454707237457920,CURDATE(),1689454707237457920,CURDATE());
INSERT INTO `bupt_sys_perm` VALUES (1400633529678696448,1400625906245963776,'新增','/admin/online/onlineColumn/add',3,1689454707237457920,CURDATE(),1689454707237457920,CURDATE());
INSERT INTO `bupt_sys_perm` VALUES (1400633437093629952,1400625906245963776,'详情','/admin/online/onlineColumn/view',2,1689454707237457920,CURDATE(),1689454707237457920,CURDATE());
INSERT INTO `bupt_sys_perm` VALUES (1400633375525441536,1400625906245963776,'显示列表','/admin/online/onlineColumn/list',1,1689454707237457920,CURDATE(),1689454707237457920,CURDATE());
INSERT INTO `bupt_sys_perm` VALUES (1400632511620452352,1400625585851469824,'删除','/admin/online/onlineDict/delete',5,1689454707237457920,CURDATE(),1689454707237457920,CURDATE());
INSERT INTO `bupt_sys_perm` VALUES (1400632438635368448,1400625585851469824,'编辑','/admin/online/onlineDict/update',4,1689454707237457920,CURDATE(),1689454707237457920,CURDATE());
INSERT INTO `bupt_sys_perm` VALUES (1400632326538399744,1400625585851469824,'新增','/admin/online/onlineDict/add',3,1689454707237457920,CURDATE(),1689454707237457920,CURDATE());
INSERT INTO `bupt_sys_perm` VALUES (1400632216169484288,1400625585851469824,'详情','/admin/online/onlineDict/view',2,1689454707237457920,CURDATE(),1689454707237457920,CURDATE());
INSERT INTO `bupt_sys_perm` VALUES (1400632108514283520,1400625585851469824,'显示列表','/admin/online/onlineDict/list',1,1689454707237457920,CURDATE(),1689454707237457920,CURDATE());
INSERT INTO `bupt_sys_perm` VALUES (1400627109692444672,1400625224646397952,'数据表字段列表','/admin/online/onlineDblink/listDblinkTableColumns',3,1689454707237457920,CURDATE(),1689454707237457920,CURDATE());
INSERT INTO `bupt_sys_perm` VALUES (1400626963806162944,1400625224646397952,'数据表列表','/admin/online/onlineDblink/listDblinkTables',2,1689454707237457920,CURDATE(),1689454707237457920,CURDATE());
INSERT INTO `bupt_sys_perm` VALUES (1400626748101496832,1400625224646397952,'显示列表','/admin/online/onlineDblink/list',1,1689454707237457920,CURDATE(),1689454707237457920,CURDATE());
INSERT INTO `bupt_sys_perm` VALUES (1639621697092980736,1400625224646397952,'详情','/admin/online/onlineDblink/view',4,1689454707237457920,CURDATE(),1689454707237457920,CURDATE());
INSERT INTO `bupt_sys_perm` VALUES (1639621809328361472,1400625224646397952,'新增','/admin/online/onlineDblink/add',5,1689454707237457920,CURDATE(),1689454707237457920,CURDATE());
INSERT INTO `bupt_sys_perm` VALUES (1639621889154355200,1400625224646397952,'编辑','/admin/online/onlineDblink/update',6,1689454707237457920,CURDATE(),1689454707237457920,CURDATE());
INSERT INTO `bupt_sys_perm` VALUES (1639621941444743168,1400625224646397952,'删除','/admin/online/onlineDblink/delete',7,1689454707237457920,CURDATE(),1689454707237457920,CURDATE());
INSERT INTO `bupt_sys_perm` VALUES (1413405352866615296,1413404952566435840,'删除','/admin/online/onlineVirtualColumn/delete',5,1689454707237457920,CURDATE(),1689454707237457920,CURDATE());
INSERT INTO `bupt_sys_perm` VALUES (1413405313788284928,1413404952566435840,'编辑','/admin/online/onlineVirtualColumn/update',4,1689454707237457920,CURDATE(),1689454707237457920,CURDATE());
INSERT INTO `bupt_sys_perm` VALUES (1413405224021790720,1413404952566435840,'新增','/admin/online/onlineVirtualColumn/add',3,1689454707237457920,CURDATE(),1689454707237457920,CURDATE());
INSERT INTO `bupt_sys_perm` VALUES (1413405166471745536,1413404952566435840,'详情','/admin/online/onlineVirtualColumn/view',2,1689454707237457920,CURDATE(),1689454707237457920,CURDATE());
INSERT INTO `bupt_sys_perm` VALUES (1413405061278601216,1413404952566435840,'显示列表','/admin/online/onlineVirtualColumn/list',1,1689454707237457920,CURDATE(),1689454707237457920,CURDATE());

-- ----------------------------
-- 以下记录用于工作流，这里的注释，是为了便于老用户进行手动数据补偿。
-- ----------------------------
INSERT INTO `bupt_sys_perm` VALUES (1418030338508066816,1418029566533832704,'显示列表','/admin/flow/flowCategory/list',1,1689454707237457920,CURDATE(),1689454707237457920,CURDATE());
INSERT INTO `bupt_sys_perm` VALUES (1418030386436378624,1418029566533832704,'新增','/admin/flow/flowCategory/add',2,1689454707237457920,CURDATE(),1689454707237457920,CURDATE());
INSERT INTO `bupt_sys_perm` VALUES (1418030437971791872,1418029566533832704,'编辑','/admin/flow/flowCategory/update',3,1689454707237457920,CURDATE(),1689454707237457920,CURDATE());
INSERT INTO `bupt_sys_perm` VALUES (1418030477918343168,1418029566533832704,'删除','/admin/flow/flowCategory/delete',4,1689454707237457920,CURDATE(),1689454707237457920,CURDATE());
INSERT INTO `bupt_sys_perm` VALUES (1418030533757112320,1418029566533832704,'详情','/admin/flow/flowCategory/view',5,1689454707237457920,CURDATE(),1689454707237457920,CURDATE());
INSERT INTO `bupt_sys_perm` VALUES (1418031006660694016,1418029615040958464,'显示列表','/admin/flow/flowEntry/list',1,1689454707237457920,CURDATE(),1689454707237457920,CURDATE());
INSERT INTO `bupt_sys_perm` VALUES (1418031078391681024,1418029615040958464,'新增','/admin/flow/flowEntry/add',2,1689454707237457920,CURDATE(),1689454707237457920,CURDATE());
INSERT INTO `bupt_sys_perm` VALUES (1418031120481521664,1418029615040958464,'编辑','/admin/flow/flowEntry/update',3,1689454707237457920,CURDATE(),1689454707237457920,CURDATE());
INSERT INTO `bupt_sys_perm` VALUES (1418031174604820480,1418029615040958464,'删除','/admin/flow/flowEntry/delete',4,1689454707237457920,CURDATE(),1689454707237457920,CURDATE());
INSERT INTO `bupt_sys_perm` VALUES (1418031219706171392,1418029615040958464,'详情','/admin/flow/flowEntry/view',5,1689454707237457920,CURDATE(),1689454707237457920,CURDATE());
INSERT INTO `bupt_sys_perm` VALUES (1418031304779239424,1418029615040958464,'发布','/admin/flow/flowEntry/publish',6,1689454707237457920,CURDATE(),1689454707237457920,CURDATE());
INSERT INTO `bupt_sys_perm` VALUES (1418031515207471104,1418029615040958464,'流程版本列表','/admin/flow/flowEntry/listFlowEntryPublish',7,1689454707237457920,CURDATE(),1689454707237457920,CURDATE());
INSERT INTO `bupt_sys_perm` VALUES (1418031648351457280,1418029615040958464,'设置主版本','/admin/flow/flowEntry/updateMainVersion',8,1689454707237457920,CURDATE(),1689454707237457920,CURDATE());
INSERT INTO `bupt_sys_perm` VALUES (1418031712788549632,1418029615040958464,'挂起','/admin/flow/flowEntry/suspendFlowEntryPublish',9,1689454707237457920,CURDATE(),1689454707237457920,CURDATE());
INSERT INTO `bupt_sys_perm` VALUES (1418031801271586816,1418029615040958464,'激活','/admin/flow/flowEntry/activateFlowEntryPublish',10,1689454707237457920,CURDATE(),1689454707237457920,CURDATE());
INSERT INTO `bupt_sys_perm` VALUES (1418032222232907776,1418031999276290048,'显示列表','/admin/flow/flowEntryVariable/list',1,1689454707237457920,CURDATE(),1689454707237457920,CURDATE());
INSERT INTO `bupt_sys_perm` VALUES (1418032258429751296,1418031999276290048,'新增','/admin/flow/flowEntryVariable/add',2,1689454707237457920,CURDATE(),1689454707237457920,CURDATE());
INSERT INTO `bupt_sys_perm` VALUES (1418032300414734336,1418031999276290048,'编辑','/admin/flow/flowEntryVariable/update',3,1689454707237457920,CURDATE(),1689454707237457920,CURDATE());
INSERT INTO `bupt_sys_perm` VALUES (1418032344064856064,1418031999276290048,'删除','/admin/flow/flowEntryVariable/delete',4,1689454707237457920,CURDATE(),1689454707237457920,CURDATE());
INSERT INTO `bupt_sys_perm` VALUES (1418032382409183232,1418031999276290048,'详情','/admin/flow/flowEntryVariable/view',5,1689454707237457920,CURDATE(),1689454707237457920,CURDATE());
INSERT INTO `bupt_sys_perm` VALUES (1418033804987076608,1418030256765276160,'流程实例列表','/admin/flow/flowOperation/listAllHistoricProcessInstance',1,1689454707237457920,CURDATE(),1689454707237457920,CURDATE());
INSERT INTO `bupt_sys_perm` VALUES (1418033889183535104,1418030256765276160,'我的历史流程','/admin/flow/flowOperation/listHistoricProcessInstance',2,1689454707237457920,CURDATE(),1689454707237457920,CURDATE());
INSERT INTO `bupt_sys_perm` VALUES (1418034243434450944,1418030256765276160,'历史流程数据','/admin/flow/flowOnlineOperation/viewHistoricProcessInstance',3,1689454707237457920,CURDATE(),1689454707237457920,CURDATE());
INSERT INTO `bupt_sys_perm` VALUES (1418035997727264768,1418030256765276160,'历史流程信息','/admin/flow/flowOperation/viewInitialHistoricTaskInfo',4,1689454707237457920,CURDATE(),1689454707237457920,CURDATE());
INSERT INTO `bupt_sys_perm` VALUES (1418040510253109248,1418030256765276160,'终止流程','/admin/flow/flowOperation/stopProcessInstance',5,1689454707237457920,CURDATE(),1689454707237457920,CURDATE());
INSERT INTO `bupt_sys_perm` VALUES (1418040574245605376,1418030256765276160,'删除流程','/admin/flow/flowOperation/deleteProcessInstance',6,1689454707237457920,CURDATE(),1689454707237457920,CURDATE());
INSERT INTO `bupt_sys_perm` VALUES (1418040574245605377,1418030256765276160,'流程干预','/admin/flow/flowOperation/interveneRuntimeTask',7,1689454707237457920,CURDATE(),1689454707237457920,CURDATE());
INSERT INTO `bupt_sys_perm` VALUES (1639625448801439744,1418030256765276160,'数据补偿','/admin/flow/flowOnlineOperation/fixBusinessData',8,1689454707237457920,CURDATE(),1689454707237457920,CURDATE());
INSERT INTO `bupt_sys_perm` VALUES (1418051334564745215,1418051228918616064,'启动在线表单流程','/admin/flow/flowOnlineOperation/startPreview',3,1689454707237457920,CURDATE(),1689454707237457920,CURDATE());
INSERT INTO `bupt_sys_perm` VALUES (1418051334564745216,1418051228918616064,'仅启动流程','/admin/flow/flowOperation/startOnly',1,1689454707237457920,CURDATE(),1689454707237457920,CURDATE());
INSERT INTO `bupt_sys_perm` VALUES (1418051485324808192,1418051228918616064,'获取启动信息','/admin/flow/flowOperation/viewInitialTaskInfo',2,1689454707237457920,CURDATE(),1689454707237457920,CURDATE());
INSERT INTO `bupt_sys_perm` VALUES (1418051693639110656,1418051634793025536,'流程审批','/admin/flow/flowOperation/viewRuntimeTaskInfo',1,1689454707237457920,CURDATE(),1689454707237457920,CURDATE());
INSERT INTO `bupt_sys_perm` VALUES (1418054128097038336,1418051634793025536,'在办流程数据','/admin/flow/flowOnlineOperation/viewUserTask',2,1689454707237457920,CURDATE(),1689454707237457920,CURDATE());
INSERT INTO `bupt_sys_perm` VALUES (1418054519798894592,1418054414190514176,'获取流程图','/admin/flow/flowOperation/viewProcessBpmn',1,1689454707237457920,CURDATE(),1689454707237457920,CURDATE());
INSERT INTO `bupt_sys_perm` VALUES (1418054618176294912,1418054414190514176,'审批历史记录列表','/admin/flow/flowOperation/listFlowTaskComment',2,1689454707237457920,CURDATE(),1689454707237457920,CURDATE());
INSERT INTO `bupt_sys_perm` VALUES (1418054792965525504,1418054414190514176,'流程审批状态','/admin/flow/flowOperation/viewHighlightFlowData',3,1689454707237457920,CURDATE(),1689454707237457920,CURDATE());
INSERT INTO `bupt_sys_perm` VALUES (1418055060981551104,1418051634793025536,'提交审批数据','/admin/flow/flowOnlineOperation/submitUserTask',3,1689454707237457920,CURDATE(),1689454707237457920,CURDATE());
INSERT INTO `bupt_sys_perm` VALUES (1418056212146032640,1418051634793025536,'待办任务列表','/admin/flow/flowOperation/listRuntimeTask',4,1689454707237457920,CURDATE(),1689454707237457920,CURDATE());
INSERT INTO `bupt_sys_perm` VALUES (1418056212146032641,1418051634793025536,'待办任务数量','/admin/flow/flowOperation/countRuntimeTask',5,1689454707237457920,CURDATE(),1689454707237457920,CURDATE());
INSERT INTO `bupt_sys_perm` VALUES (1418079603167072256,1418054414190514176,'文件上传','/admin/flow/flowOnlineOperation/upload',4,1689454707237457920,CURDATE(),1689454707237457920,CURDATE());
INSERT INTO `bupt_sys_perm` VALUES (1418079670594703360,1418054414190514176,'文件下载','/admin/flow/flowOnlineOperation/download',5,1689454707237457920,CURDATE(),1689454707237457920,CURDATE());
INSERT INTO `bupt_sys_perm` VALUES (1423635764486344704,1423635643371622400,'已办任务列表','/admin/flow/flowOperation/listHistoricTask',1,1689454707237457920,CURDATE(),1689454707237457920,CURDATE());
INSERT INTO `bupt_sys_perm` VALUES (1423635851312631808,1423635643371622400,'已办任务信息','/admin/flow/flowOperation/viewHistoricTaskInfo',2,1689454707237457920,CURDATE(),1689454707237457920,CURDATE());
INSERT INTO `bupt_sys_perm` VALUES (1423636091033882624,1423635643371622400,'加签','/admin/flow/flowOperation/submitConsign',3,1689454707237457920,CURDATE(),1689454707237457920,CURDATE());
INSERT INTO `bupt_sys_perm` VALUES (1423984506028691456,1418030256765276160,'撤销工单','/admin/flow/flowOperation/cancelWorkOrder',7,1689454707237457920,CURDATE(),1689454707237457920,CURDATE());
COMMIT;

-- ----------------------------
-- 全部权限字和权限资源关系数据
-- ----------------------------
BEGIN;
INSERT INTO `bupt_sys_perm_code_perm` VALUES(1689458209066061838,1689454707380064256);
INSERT INTO `bupt_sys_perm_code_perm` VALUES(1689458209066061838,1689454707380064262);
INSERT INTO `bupt_sys_perm_code_perm` VALUES(1689458209066061839,1689454707363287040);
INSERT INTO `bupt_sys_perm_code_perm` VALUES(1689458209066061839,1689454707430395904);
INSERT INTO `bupt_sys_perm_code_perm` VALUES(1689458209066061839,1689458209061867553);
INSERT INTO `bupt_sys_perm_code_perm` VALUES(1689458209066061840,1689454707380064268);
INSERT INTO `bupt_sys_perm_code_perm` VALUES(1689458209066061840,1689454707363287055);
INSERT INTO `bupt_sys_perm_code_perm` VALUES(1689458209066061840,1689454707380064270);
INSERT INTO `bupt_sys_perm_code_perm` VALUES(1689458209066061840,1689454707430395904);
INSERT INTO `bupt_sys_perm_code_perm` VALUES(1689458209066061840,1689458209061867553);
INSERT INTO `bupt_sys_perm_code_perm` VALUES(1689458209066061841,1689454707363287071);
INSERT INTO `bupt_sys_perm_code_perm` VALUES(1689458209066061842,1689454707392647168);
INSERT INTO `bupt_sys_perm_code_perm` VALUES(1689458209066061843,1689458209061867548);
INSERT INTO `bupt_sys_perm_code_perm` VALUES(1689458209066061843,1689458209061867547);
INSERT INTO `bupt_sys_perm_code_perm` VALUES(1689458209066061843,1689458209061867546);
INSERT INTO `bupt_sys_perm_code_perm` VALUES(1689458209066061850,1689454707430395904);
INSERT INTO `bupt_sys_perm_code_perm` VALUES(1689458209066061850,1689454707430395906);
INSERT INTO `bupt_sys_perm_code_perm` VALUES(1689458209066061851,1689454707417812992);
INSERT INTO `bupt_sys_perm_code_perm` VALUES(1689458209066061852,1689454707430395908);
INSERT INTO `bupt_sys_perm_code_perm` VALUES(1689458209066061852,1689454707417813000);
INSERT INTO `bupt_sys_perm_code_perm` VALUES(1689458209066061852,1689454707430395910);
INSERT INTO `bupt_sys_perm_code_perm` VALUES(1689458209066061853,1689454707417813009);
INSERT INTO `bupt_sys_perm_code_perm` VALUES(1689458209066061866,1689458209061867553);
INSERT INTO `bupt_sys_perm_code_perm` VALUES(1689458209066061868,1689458209061867550);
INSERT INTO `bupt_sys_perm_code_perm` VALUES(1689458209066061868,1689458209061867565);
INSERT INTO `bupt_sys_perm_code_perm` VALUES(1689458209066061869,1689458209061867554);
INSERT INTO `bupt_sys_perm_code_perm` VALUES(1689458209066061869,1689458209061867551);
INSERT INTO `bupt_sys_perm_code_perm` VALUES(1689458209066061869,1689458209061867565);
INSERT INTO `bupt_sys_perm_code_perm` VALUES(1689458209066061871,1689458209061867560);
INSERT INTO `bupt_sys_perm_code_perm` VALUES(1689458209066061871,1689458209061867559);
INSERT INTO `bupt_sys_perm_code_perm` VALUES(1689458209066061870,1689458209061867552);
INSERT INTO `bupt_sys_perm_code_perm` VALUES(1689458209066061867,1689458209061867557);
INSERT INTO `bupt_sys_perm_code_perm` VALUES(1689458209066061872,1689458209061867555);
INSERT INTO `bupt_sys_perm_code_perm` VALUES(1689458209066061872,1689458209061867558);
INSERT INTO `bupt_sys_perm_code_perm` VALUES(1689458209066061873,1689458209061867556);
INSERT INTO `bupt_sys_perm_code_perm` VALUES(1689458209066061881,1689458209061867565);
INSERT INTO `bupt_sys_perm_code_perm` VALUES(1689458209066061882,1689458209061867562);
INSERT INTO `bupt_sys_perm_code_perm` VALUES(1689458209066061882,1689458209061867573);
INSERT INTO `bupt_sys_perm_code_perm` VALUES(1689458209066061883,1689458209061867566);
INSERT INTO `bupt_sys_perm_code_perm` VALUES(1689458209066061883,1689458209061867564);
INSERT INTO `bupt_sys_perm_code_perm` VALUES(1689458209066061884,1689458209061867563);
INSERT INTO `bupt_sys_perm_code_perm` VALUES(1689458209066061883,1689458209061867573);
INSERT INTO `bupt_sys_perm_code_perm` VALUES(1689458209066061885,1689458209061867567);
INSERT INTO `bupt_sys_perm_code_perm` VALUES(1689458209066061885,1689458209061867568);
INSERT INTO `bupt_sys_perm_code_perm` VALUES(1689458209066061893,1689458209061867573);
INSERT INTO `bupt_sys_perm_code_perm` VALUES(1689458209066061894,1689458209061867570);
INSERT INTO `bupt_sys_perm_code_perm` VALUES(1689458209066061894,1689458209061867582);
INSERT INTO `bupt_sys_perm_code_perm` VALUES(1689458209066061895,1689458209061867574);
INSERT INTO `bupt_sys_perm_code_perm` VALUES(1689458209066061895,1689458209061867571);
INSERT INTO `bupt_sys_perm_code_perm` VALUES(1689458209066061895,1689458209061867582);
INSERT INTO `bupt_sys_perm_code_perm` VALUES(1689458209066061896,1689458209061867572);
INSERT INTO `bupt_sys_perm_code_perm` VALUES(1689458209066061897,1689458209061867575);
INSERT INTO `bupt_sys_perm_code_perm` VALUES(1689458209066061897,1689458209061867576);
INSERT INTO `bupt_sys_perm_code_perm` VALUES(1689458209066061908,1689458209061867581);
INSERT INTO `bupt_sys_perm_code_perm` VALUES(1689458209066061908,1689458209061867582);
INSERT INTO `bupt_sys_perm_code_perm` VALUES(1689458209066061908,1689458209061867587);
INSERT INTO `bupt_sys_perm_code_perm` VALUES(1689458209066061909,1689458209061867578);
INSERT INTO `bupt_sys_perm_code_perm` VALUES(1689458209066061910,1689458209061867579);
INSERT INTO `bupt_sys_perm_code_perm` VALUES(1689458209066061911,1689458209061867580);
INSERT INTO `bupt_sys_perm_code_perm` VALUES(1689458209066061912,1689458209061867584);
INSERT INTO `bupt_sys_perm_code_perm` VALUES(1689458209066061913,1689458209061867588);
INSERT INTO `bupt_sys_perm_code_perm` VALUES(1689458209066061913,1689458209061867585);
INSERT INTO `bupt_sys_perm_code_perm` VALUES(1689458209066061914,1689458209061867586);
INSERT INTO `bupt_sys_perm_code_perm` VALUES(1689458209066061915,1689458209061867589);
INSERT INTO `bupt_sys_perm_code_perm` VALUES(1689458209066061915,1689458209061867590);
INSERT INTO `bupt_sys_perm_code_perm` VALUES(1689458209066061915,1689458209061867591);
INSERT INTO `bupt_sys_perm_code_perm` VALUES(1689458209066061923,1689458209061867594);
INSERT INTO `bupt_sys_perm_code_perm` VALUES(1689458209066061923,1689458209061867595);
INSERT INTO `bupt_sys_perm_code_perm` VALUES(1689458209066061923,1689458209061867596);
INSERT INTO `bupt_sys_perm_code_perm` VALUES(1689458209066061923,1689458209061867597);
INSERT INTO `bupt_sys_perm_code_perm` VALUES(1689458209066061923,1689458209061867598);
INSERT INTO `bupt_sys_perm_code_perm` VALUES(1689458209066061923,1689458209061867599);
INSERT INTO `bupt_sys_perm_code_perm` VALUES(1689458209066061923,1689458209061867600);
INSERT INTO `bupt_sys_perm_code_perm` VALUES(1689458209066061923,1689458209061867601);
INSERT INTO `bupt_sys_perm_code_perm` VALUES(1689458209066061923,1689458209061867602);
INSERT INTO `bupt_sys_perm_code_perm` VALUES(1689458209066061923,1694978394602606644);
INSERT INTO `bupt_sys_perm_code_perm` VALUES(1689458209066061923,1694978394602606645);
INSERT INTO `bupt_sys_perm_code_perm` VALUES(1689458209066061923,1694978394602606646);
INSERT INTO `bupt_sys_perm_code_perm` VALUES(1689458209066061923,1694978394602606647);
INSERT INTO `bupt_sys_perm_code_perm` VALUES(1689458209066061931,1689458209066061825);
INSERT INTO `bupt_sys_perm_code_perm` VALUES(1689458209066061936,1689458209066061827);
INSERT INTO `bupt_sys_perm_code_perm` VALUES(1689458209066061937,1689458209066061828);

-- ----------------------------
-- 以下记录用于移动端，这里的注释，是为了便于老用户进行手动数据补偿。
-- ----------------------------
INSERT INTO `bupt_sys_perm_code_perm` VALUES (1696168620435968000,1696167456139120640);
INSERT INTO `bupt_sys_perm_code_perm` VALUES (1696168739763916800,1696167456139120640);
INSERT INTO `bupt_sys_perm_code_perm` VALUES (1696168620435968000,1696167558614355968);
INSERT INTO `bupt_sys_perm_code_perm` VALUES (1696168739763916800,1696167558614355968);
INSERT INTO `bupt_sys_perm_code_perm` VALUES (1696168620435968000,1696167638708785152);
INSERT INTO `bupt_sys_perm_code_perm` VALUES (1696168739763916800,1696167638708785152);
INSERT INTO `bupt_sys_perm_code_perm` VALUES (1696168620435968000,1696167688499367936);
INSERT INTO `bupt_sys_perm_code_perm` VALUES (1696168739763916800,1696167688499367936);
INSERT INTO `bupt_sys_perm_code_perm` VALUES (1696168620435968000,1696167785131937792);
INSERT INTO `bupt_sys_perm_code_perm` VALUES (1696168739763916800,1696167785131937792);
INSERT INTO `bupt_sys_perm_code_perm` VALUES (1696168620435968000,1696167901570011136);
INSERT INTO `bupt_sys_perm_code_perm` VALUES (1696168739763916800,1696167901570011136);
INSERT INTO `bupt_sys_perm_code_perm` VALUES (1696168620435968000,1696167964069335040);
INSERT INTO `bupt_sys_perm_code_perm` VALUES (1696168739763916800,1696167964069335040);

-- ----------------------------
-- 以下记录用于在线表单，这里的注释，是为了便于老用户进行手动数据补偿。
-- ----------------------------
INSERT INTO `bupt_sys_perm_code_perm` VALUES (1639622659975155712,1400626748101496832);
INSERT INTO `bupt_sys_perm_code_perm` VALUES (1639622659975155712,1639621697092980736);
INSERT INTO `bupt_sys_perm_code_perm` VALUES (1639622659975155712,1639621809328361472);
INSERT INTO `bupt_sys_perm_code_perm` VALUES (1639622659975155712,1639621889154355200);
INSERT INTO `bupt_sys_perm_code_perm` VALUES (1639622659975155712,1639621941444743168);
INSERT INTO `bupt_sys_perm_code_perm` VALUES (1400638885750378496,1400626748101496832);
INSERT INTO `bupt_sys_perm_code_perm` VALUES (1400638885750378496,1400626963806162944);
INSERT INTO `bupt_sys_perm_code_perm` VALUES (1400638885750378496,1400627109692444672);
INSERT INTO `bupt_sys_perm_code_perm` VALUES (1400638885750378496,1400632108514283520);
INSERT INTO `bupt_sys_perm_code_perm` VALUES (1400638885750378496,1400632216169484288);
INSERT INTO `bupt_sys_perm_code_perm` VALUES (1400638885750378496,1400632326538399744);
INSERT INTO `bupt_sys_perm_code_perm` VALUES (1400638885750378496,1400632438635368448);
INSERT INTO `bupt_sys_perm_code_perm` VALUES (1400638885750378496,1400632511620452352);
INSERT INTO `bupt_sys_perm_code_perm` VALUES (1400639252747784192,1400626748101496832);
INSERT INTO `bupt_sys_perm_code_perm` VALUES (1400639252747784192,1400626963806162944);
INSERT INTO `bupt_sys_perm_code_perm` VALUES (1400639252747784192,1400627109692444672);
INSERT INTO `bupt_sys_perm_code_perm` VALUES (1400639252747784192,1400632108514283520);
INSERT INTO `bupt_sys_perm_code_perm` VALUES (1400639252747784192,1400632216169484288);
INSERT INTO `bupt_sys_perm_code_perm` VALUES (1400639252747784192,1400633375525441536);
INSERT INTO `bupt_sys_perm_code_perm` VALUES (1400639252747784192,1400633437093629952);
INSERT INTO `bupt_sys_perm_code_perm` VALUES (1400639252747784192,1400633529678696448);
INSERT INTO `bupt_sys_perm_code_perm` VALUES (1400639252747784192,1400633568027217920);
INSERT INTO `bupt_sys_perm_code_perm` VALUES (1400639252747784192,1400633612201627648);
INSERT INTO `bupt_sys_perm_code_perm` VALUES (1400639252747784192,1400633713376628736);
INSERT INTO `bupt_sys_perm_code_perm` VALUES (1400639252747784192,1400633798403559424);
INSERT INTO `bupt_sys_perm_code_perm` VALUES (1400639252747784192,1400633922085195776);
INSERT INTO `bupt_sys_perm_code_perm` VALUES (1400639252747784192,1400634012745076736);
INSERT INTO `bupt_sys_perm_code_perm` VALUES (1400639252747784192,1400634100498305024);
INSERT INTO `bupt_sys_perm_code_perm` VALUES (1400639252747784192,1400634280308117504);
INSERT INTO `bupt_sys_perm_code_perm` VALUES (1400639252747784192,1400634354593435648);
INSERT INTO `bupt_sys_perm_code_perm` VALUES (1400639252747784192,1400634559896227840);
INSERT INTO `bupt_sys_perm_code_perm` VALUES (1400639252747784192,1400634613151305728);
INSERT INTO `bupt_sys_perm_code_perm` VALUES (1400639252747784192,1400634651944423424);
INSERT INTO `bupt_sys_perm_code_perm` VALUES (1400639252747784192,1400634693472227328);
INSERT INTO `bupt_sys_perm_code_perm` VALUES (1400639252747784192,1400634735549485056);
INSERT INTO `bupt_sys_perm_code_perm` VALUES (1400639252747784192,1400635131969933312);
INSERT INTO `bupt_sys_perm_code_perm` VALUES (1400639252747784192,1400635267726970880);
INSERT INTO `bupt_sys_perm_code_perm` VALUES (1400639252747784192,1400635341274091520);
INSERT INTO `bupt_sys_perm_code_perm` VALUES (1400639252747784192,1400635378506928128);
INSERT INTO `bupt_sys_perm_code_perm` VALUES (1400639252747784192,1400635426808532992);
INSERT INTO `bupt_sys_perm_code_perm` VALUES (1400639252747784192,1400635527698321408);
INSERT INTO `bupt_sys_perm_code_perm` VALUES (1400639252747784192,1400635581532213248);
INSERT INTO `bupt_sys_perm_code_perm` VALUES (1400639252747784192,1400635661106548736);
INSERT INTO `bupt_sys_perm_code_perm` VALUES (1400639252747784192,1400635757332271104);
INSERT INTO `bupt_sys_perm_code_perm` VALUES (1400639252747784192,1400635827347787776);
INSERT INTO `bupt_sys_perm_code_perm` VALUES (1400639252747784192,1400635896461529088);
INSERT INTO `bupt_sys_perm_code_perm` VALUES (1400639252747784192,1400635963469729792);
INSERT INTO `bupt_sys_perm_code_perm` VALUES (1400639252747784192,1400636031752998912);
INSERT INTO `bupt_sys_perm_code_perm` VALUES (1400639252747784192,1400636182936686592);
INSERT INTO `bupt_sys_perm_code_perm` VALUES (1400639252747784192,1400636217728438272);
INSERT INTO `bupt_sys_perm_code_perm` VALUES (1400639252747784192,1400636258107002880);
INSERT INTO `bupt_sys_perm_code_perm` VALUES (1400639252747784192,1400636301480300544);
INSERT INTO `bupt_sys_perm_code_perm` VALUES (1400639252747784192,1400636338838966272);
INSERT INTO `bupt_sys_perm_code_perm` VALUES (1400639252747784192,1400636501900922880);
INSERT INTO `bupt_sys_perm_code_perm` VALUES (1400639252747784192,1400636535371468800);
INSERT INTO `bupt_sys_perm_code_perm` VALUES (1400639252747784192,1400636571165659136);
INSERT INTO `bupt_sys_perm_code_perm` VALUES (1400639252747784192,1400636610403373056);
INSERT INTO `bupt_sys_perm_code_perm` VALUES (1400639252747784192,1400636656679129088);
INSERT INTO `bupt_sys_perm_code_perm` VALUES (1400639252747784192,1400637740705386496);
INSERT INTO `bupt_sys_perm_code_perm` VALUES (1400639252747784192,1400637775962705920);
INSERT INTO `bupt_sys_perm_code_perm` VALUES (1400639252747784192,1400637822737584128);
INSERT INTO `bupt_sys_perm_code_perm` VALUES (1400639252747784192,1400637858414333952);
INSERT INTO `bupt_sys_perm_code_perm` VALUES (1400639252747784192,1400637895328403456);
INSERT INTO `bupt_sys_perm_code_perm` VALUES (1400639252747784192,1400637970863624193);
INSERT INTO `bupt_sys_perm_code_perm` VALUES (1400639252747784192,1400637970863624192);
INSERT INTO `bupt_sys_perm_code_perm` VALUES (1400639252747784192,1413405352866615296);
INSERT INTO `bupt_sys_perm_code_perm` VALUES (1400639252747784192,1413405313788284928);
INSERT INTO `bupt_sys_perm_code_perm` VALUES (1400639252747784192,1413405224021790720);
INSERT INTO `bupt_sys_perm_code_perm` VALUES (1400639252747784192,1413405166471745536);
INSERT INTO `bupt_sys_perm_code_perm` VALUES (1400639252747784192,1413405061278601216);

-- ----------------------------
-- 以下记录用于工作流，这里的注释，是为了便于老用户进行手动数据补偿。
-- ----------------------------
INSERT INTO `bupt_sys_perm_code_perm` VALUES (1418050797706416128,1418051334564745215);
INSERT INTO `bupt_sys_perm_code_perm` VALUES (1418050322282057728,1400637970863624192);
INSERT INTO `bupt_sys_perm_code_perm` VALUES (1418050797706416128,1400637970863624192);
INSERT INTO `bupt_sys_perm_code_perm` VALUES (1418057346877231104,1400637970863624192);
INSERT INTO `bupt_sys_perm_code_perm` VALUES (1418048335343783936,1400633375525441536);
INSERT INTO `bupt_sys_perm_code_perm` VALUES (1418048335343783936,1400635131969933312);
INSERT INTO `bupt_sys_perm_code_perm` VALUES (1418048335343783936,1400635661106548736);
INSERT INTO `bupt_sys_perm_code_perm` VALUES (1418048335343783936,1400636501900922880);
INSERT INTO `bupt_sys_perm_code_perm` VALUES (1418048335343783936,1400637740705386496);
INSERT INTO `bupt_sys_perm_code_perm` VALUES (1418048335343783936,1413405061278601216);
INSERT INTO `bupt_sys_perm_code_perm` VALUES (1418048335343783936,1418026612762349580);
INSERT INTO `bupt_sys_perm_code_perm` VALUES (1423637544578322432,1400637775962705920);
INSERT INTO `bupt_sys_perm_code_perm` VALUES (1423637544578322432,1400637970863624192);
INSERT INTO `bupt_sys_perm_code_perm` VALUES (1418050322282057728,1418026612762349572);
INSERT INTO `bupt_sys_perm_code_perm` VALUES (1418050797706416128,1418026612762349572);
INSERT INTO `bupt_sys_perm_code_perm` VALUES (1418046848794365952,1418030338508066816);
INSERT INTO `bupt_sys_perm_code_perm` VALUES (1418046986677915648,1418030386436378624);
INSERT INTO `bupt_sys_perm_code_perm` VALUES (1418047095188754432,1418030437971791872);
INSERT INTO `bupt_sys_perm_code_perm` VALUES (1418047182946177024,1418030477918343168);
INSERT INTO `bupt_sys_perm_code_perm` VALUES (1418047095188754432,1418030533757112320);
INSERT INTO `bupt_sys_perm_code_perm` VALUES (1418048205177753600,1418031006660694016);
INSERT INTO `bupt_sys_perm_code_perm` VALUES (1418048335343783936,1418031078391681024);
INSERT INTO `bupt_sys_perm_code_perm` VALUES (1418048335343783936,1418031120481521664);
INSERT INTO `bupt_sys_perm_code_perm` VALUES (1418048335343783936,1418031174604820480);
INSERT INTO `bupt_sys_perm_code_perm` VALUES (1418048335343783936,1418031219706171392);
INSERT INTO `bupt_sys_perm_code_perm` VALUES (1418048335343783936,1418031304779239424);
INSERT INTO `bupt_sys_perm_code_perm` VALUES (1418048335343783936,1418031515207471104);
INSERT INTO `bupt_sys_perm_code_perm` VALUES (1418048335343783936,1418031648351457280);
INSERT INTO `bupt_sys_perm_code_perm` VALUES (1418048335343783936,1418031712788549632);
INSERT INTO `bupt_sys_perm_code_perm` VALUES (1418048335343783936,1418031801271586816);
INSERT INTO `bupt_sys_perm_code_perm` VALUES (1418048335343783936,1418032222232907776);
INSERT INTO `bupt_sys_perm_code_perm` VALUES (1418048335343783936,1418032258429751296);
INSERT INTO `bupt_sys_perm_code_perm` VALUES (1418048335343783936,1418032300414734336);
INSERT INTO `bupt_sys_perm_code_perm` VALUES (1418048335343783936,1418032344064856064);
INSERT INTO `bupt_sys_perm_code_perm` VALUES (1418048335343783936,1418032382409183232);
INSERT INTO `bupt_sys_perm_code_perm` VALUES (1418049164754817024,1418033804987076608);
INSERT INTO `bupt_sys_perm_code_perm` VALUES (1418057346877231104,1418033889183535104);
INSERT INTO `bupt_sys_perm_code_perm` VALUES (1418049164754817024,1418034243434450944);
INSERT INTO `bupt_sys_perm_code_perm` VALUES (1418057346877231104,1418034243434450944);
INSERT INTO `bupt_sys_perm_code_perm` VALUES (1418049164754817024,1418035997727264768);
INSERT INTO `bupt_sys_perm_code_perm` VALUES (1418057346877231104,1418035997727264768);
INSERT INTO `bupt_sys_perm_code_perm` VALUES (1418049287106859008,1418040510253109248);
INSERT INTO `bupt_sys_perm_code_perm` VALUES (1418049287106859008,1418040574245605377);
INSERT INTO `bupt_sys_perm_code_perm` VALUES (1418049398776008704,1418040574245605376);
INSERT INTO `bupt_sys_perm_code_perm` VALUES (1639625791975198720,1639625448801439744);
INSERT INTO `bupt_sys_perm_code_perm` VALUES (1418050797706416128,1418051334564745216);
INSERT INTO `bupt_sys_perm_code_perm` VALUES (1418050797706416128,1418051485324808192);
INSERT INTO `bupt_sys_perm_code_perm` VALUES (1418050322282057728,1418051693639110656);
INSERT INTO `bupt_sys_perm_code_perm` VALUES (1418050322282057728,1418054128097038336);
INSERT INTO `bupt_sys_perm_code_perm` VALUES (1418048335343783936,1418054519798894592);
INSERT INTO `bupt_sys_perm_code_perm` VALUES (1418049164754817024,1418054519798894592);
INSERT INTO `bupt_sys_perm_code_perm` VALUES (1418050322282057728,1418054519798894592);
INSERT INTO `bupt_sys_perm_code_perm` VALUES (1418050797706416128,1418054519798894592);
INSERT INTO `bupt_sys_perm_code_perm` VALUES (1418057346877231104,1418054519798894592);
INSERT INTO `bupt_sys_perm_code_perm` VALUES (1418050322282057728,1418054618176294912);
INSERT INTO `bupt_sys_perm_code_perm` VALUES (1418057346877231104,1418054618176294912);
INSERT INTO `bupt_sys_perm_code_perm` VALUES (1418049164754817024,1418054792965525504);
INSERT INTO `bupt_sys_perm_code_perm` VALUES (1418050322282057728,1418054792965525504);
INSERT INTO `bupt_sys_perm_code_perm` VALUES (1418057346877231104,1418054792965525504);
INSERT INTO `bupt_sys_perm_code_perm` VALUES (1418050322282057728,1418055060981551104);
INSERT INTO `bupt_sys_perm_code_perm` VALUES (1418050322282057728,1418056212146032640);
INSERT INTO `bupt_sys_perm_code_perm` VALUES (1418050322282057728,1418079603167072256);
INSERT INTO `bupt_sys_perm_code_perm` VALUES (1418050797706416128,1418079603167072256);
INSERT INTO `bupt_sys_perm_code_perm` VALUES (1418050322282057728,1418079670594703360);
INSERT INTO `bupt_sys_perm_code_perm` VALUES (1418050797706416128,1418079670594703360);
INSERT INTO `bupt_sys_perm_code_perm` VALUES (1418057346877231104,1418079670594703360);
INSERT INTO `bupt_sys_perm_code_perm` VALUES (1418048335343783936,1689454707380064256);
INSERT INTO `bupt_sys_perm_code_perm` VALUES (1423637544578322432,1418034243434450944);
INSERT INTO `bupt_sys_perm_code_perm` VALUES (1423637544578322432,1418054519798894592);
INSERT INTO `bupt_sys_perm_code_perm` VALUES (1423637544578322432,1418054618176294912);
INSERT INTO `bupt_sys_perm_code_perm` VALUES (1423637544578322432,1418054792965525504);
INSERT INTO `bupt_sys_perm_code_perm` VALUES (1423637544578322432,1423635764486344704);
INSERT INTO `bupt_sys_perm_code_perm` VALUES (1423637544578322432,1423635851312631808);
INSERT INTO `bupt_sys_perm_code_perm` VALUES (1423637544578322432,1423636091033882624);
COMMIT;

-- ----------------------------
-- 全部白名单权限资源数据
-- ----------------------------
BEGIN;
INSERT INTO `bupt_sys_perm_whitelist` VALUES ('/admin/upms/login/getLoginInfo','登录模块','获取登录信息');
INSERT INTO `bupt_sys_perm_whitelist` VALUES ('/admin/upms/sysRole/listDict','系统管理','角色字典接口');
INSERT INTO `bupt_sys_perm_whitelist` VALUES ('/admin/upms/sysRole/listDictByIds','系统管理','角色字典接口');
INSERT INTO `bupt_sys_perm_whitelist` VALUES ('/admin/upms/sysUser/list','系统管理','用户列表接口');
INSERT INTO `bupt_sys_perm_whitelist` VALUES ('/admin/upms/sysMenu/listMenuDict','系统管理','菜单字典接口');
INSERT INTO `bupt_sys_perm_whitelist` VALUES ('/admin/upms/sysDept/listAllChildDeptIdByParentIds','系统管理','获取部门的全部下级部门Id列表');
INSERT INTO `bupt_sys_perm_whitelist` VALUES ('/admin/upms/globalDict/listDict','字典管理','全局编码字典列表');
INSERT INTO `bupt_sys_perm_whitelist` VALUES ('/admin/upms/globalDict/listDictByIds','字典管理','全局编码字典列表');
INSERT INTO `bupt_sys_perm_whitelist` VALUES ('/admin/upms/globalDict/listAll','字典管理','全局编码字典列表');
INSERT INTO `bupt_sys_perm_whitelist` VALUES ('/admin/upms/sysDept/listDict','部门管理','部门字典字典列表');
INSERT INTO `bupt_sys_perm_whitelist` VALUES ('/admin/upms/sysDept/listDictByIds','部门管理','部门字典字典批量Id列表');
INSERT INTO `bupt_sys_perm_whitelist` VALUES ('/admin/app/areaCode/listDict','行政区划','行政区划列表');
INSERT INTO `bupt_sys_perm_whitelist` VALUES ('/admin/app/areaCode/listAll','地址','字典全部列表');
INSERT INTO `bupt_sys_perm_whitelist` VALUES ('/admin/app/areaCode/listDictByIds','行政区划','行政区划批量Id列表');
INSERT INTO `bupt_sys_perm_whitelist` VALUES ('/admin/app/areaCode/listDictByParentId','行政区划','行政区划过滤列表');
INSERT INTO `bupt_sys_perm_whitelist` VALUES ('/admin/upms/login/doLogout','登录模块','退出登陆');
INSERT INTO `bupt_sys_perm_whitelist` VALUES ('/admin/upms/login/changePassword','系统管理','修改密码');
INSERT INTO `bupt_sys_perm_whitelist` VALUES ('/admin/upms/login/changeHeadImage','系统管理','修改头像');
INSERT INTO `bupt_sys_perm_whitelist` VALUES ('/admin/upms/login/downloadHeadImage','系统管理','下载头像');
INSERT INTO `bupt_sys_perm_whitelist` VALUES ('/admin/mobile/mobileEntry/downloadImage','移动端模块','下图移动端首页图片');

-- ----------------------------
-- 以下记录用于在线表单，这里的注释，是为了便于老用户进行手动数据补偿。
-- ----------------------------
INSERT INTO `bupt_sys_perm_whitelist` VALUES ('/admin/online/onlineDblink/testConnection','在线表单','测试数据库链接');
INSERT INTO `bupt_sys_perm_whitelist` VALUES ('/admin/online/onlineOperation/listDict','在线表单','在线表单字典');
INSERT INTO `bupt_sys_perm_whitelist` VALUES ('/admin/online/onlineOperation/getColumnRuleCode','在线表单','获取规则编码接口');
INSERT INTO `bupt_sys_perm_whitelist` VALUES ('/admin/online/onlineDict/listAllGlobalDict','报表模块','在线表单全局编码字典列表');

-- ----------------------------
-- 以下记录用于工作流，这里的注释，是为了便于老用户进行手动数据补偿。
-- ----------------------------
INSERT INTO `bupt_sys_perm_whitelist` VALUES ('/admin/flow/flowCategory/listDict','流程管理','流程分类字典');
INSERT INTO `bupt_sys_perm_whitelist` VALUES ('/admin/flow/flowEntry/listDict','流程管理','流程字典');
INSERT INTO `bupt_sys_perm_whitelist` VALUES ('/admin/flow/flowEntry/viewDict','流程管理','流程部分数据查看');
INSERT INTO `bupt_sys_perm_whitelist` VALUES ('/admin/flow/flowOnlineOperation/listFlowEntryForm','流程管理','流程列表包含在线表单列表');
INSERT INTO `bupt_sys_perm_whitelist` VALUES ('/admin/flow/flowOnlineOperation/viewCopyBusinessData','流程管理','查看基于在线表单流程的抄送业务数据接口');
INSERT INTO `bupt_sys_perm_whitelist` VALUES ('/admin/flow/flowOnlineOperation/viewDraftData','流程管理','查看在线表单的草稿数据');
INSERT INTO `bupt_sys_perm_whitelist` VALUES ('/admin/flow/flowOperation/viewDraftData','流程管理','查看静态路由表单的草稿数据');
INSERT INTO `bupt_sys_perm_whitelist` VALUES ('/admin/flow/flowOperation/countRuntimeTask','流程管理','待办任务数量');
INSERT INTO `bupt_sys_perm_whitelist` VALUES ('/admin/flow/flowOperation/viewInitialTaskInfo','流程管理','查看初始化流程任务信息');
INSERT INTO `bupt_sys_perm_whitelist` VALUES ('/admin/flow/flowOperation/viewRuntimeTaskInfo','流程管理','查看运行时流程任务信息');
INSERT INTO `bupt_sys_perm_whitelist` VALUES ('/admin/flow/flowOperation/viewHistoricTaskInfo','流程管理','查看历史流程任务信息');
INSERT INTO `bupt_sys_perm_whitelist` VALUES ('/admin/flow/flowOperation/viewInitialHistoricTaskInfo','流程管理','查看历史流程初始化任务信息');
INSERT INTO `bupt_sys_perm_whitelist` VALUES ('/admin/flow/flowOperation/viewTaskUserInfo','流程管理','查看任务的用户信息列表');
INSERT INTO `bupt_sys_perm_whitelist` VALUES ('/admin/flow/flowOperation/submitConsign','流程管理','提交会签的加签减签');
INSERT INTO `bupt_sys_perm_whitelist` VALUES ('/admin/flow/flowOperation/listMultiSignAssignees','流程管理','查询会签指派人列表');
INSERT INTO `bupt_sys_perm_whitelist` VALUES ('/admin/flow/flowOperation/listFlowTaskComment','流程管理','流程实例审批意见列表');
INSERT INTO `bupt_sys_perm_whitelist` VALUES ('/admin/flow/flowOperation/viewProcessBpmn','流程管理','查看流程图');
INSERT INTO `bupt_sys_perm_whitelist` VALUES ('/admin/flow/flowOperation/viewHighlightFlowData','流程管理','查看流程图高亮数据');
INSERT INTO `bupt_sys_perm_whitelist` VALUES ('/admin/flow/flowOperation/cancelWorkOrder','流程管理','撤销工单');
INSERT INTO `bupt_sys_perm_whitelist` VALUES ('/admin/flow/flowOperation/remindRuntimeTask','流程管理','催办任务');
INSERT INTO `bupt_sys_perm_whitelist` VALUES ('/admin/flow/flowOperation/listRejectCandidateUserTask','流程管理','列出可驳回的候选用户任务列表');
INSERT INTO `bupt_sys_perm_whitelist` VALUES ('/admin/flow/flowOperation/rejectToStartUserTask','流程管理','驳回任务到发起节点');
INSERT INTO `bupt_sys_perm_whitelist` VALUES ('/admin/flow/flowOperation/rejectRuntimeTask','流程管理','驳回任务');
INSERT INTO `bupt_sys_perm_whitelist` VALUES ('/admin/flow/flowOperation/revokeHistoricTask','流程管理','撤回任务');
INSERT INTO `bupt_sys_perm_whitelist` VALUES ('/admin/flow/flowOperation/freeJumpTo','流程管理','当前任务的自由跳转');
INSERT INTO `bupt_sys_perm_whitelist` VALUES ('/admin/flow/flowOperation/viewCopyBusinessData','流程管理','查看基于静态表单流程的抄送业务数据接口');
INSERT INTO `bupt_sys_perm_whitelist` VALUES ('/admin/flow/flowMessage/getMessageCount','流程管理','查看消息数量');
INSERT INTO `bupt_sys_perm_whitelist` VALUES ('/admin/flow/flowMessage/listRemindingTask','流程管理','查看催办消息列表');
INSERT INTO `bupt_sys_perm_whitelist` VALUES ('/admin/flow/flowMessage/listCopyMessage','流程管理','查看抄送消息列表');

-- ----------------------------
-- 以下记录用于通用扩展，这里的注释，是为了便于老用户进行手动数据补偿。
-- ----------------------------
INSERT INTO `bupt_sys_perm_whitelist` VALUES ('/admin/commonext/bizwidget/list','通用扩展','高级业务组件列表数据');
INSERT INTO `bupt_sys_perm_whitelist` VALUES ('/admin/commonext/bizwidget/view','通用扩展','高级业务组件详情数据');

COMMIT;

SET FOREIGN_KEY_CHECKS = 1;
